province_name,psgc_province,city_name,city_name_psgc,brgy_name,psgc,district,subdistrict,region,region_psgc
DAVAO DEL NORTE,112300000,CITY OF PANABO,112315000,A. O. FLOIRENDO,112315001,II,,XI,110000000
DAVAO DEL NORTE,112300000,CITY OF PANABO,112315000,DATU ABDUL DADIA,112315002,II,,XI,110000000
DAVAO DEL NORTE,112300000,CITY OF PANABO,112315000,BUENAVISTA,112315003,II,,XI,110000000
DAVAO DEL NORTE,112300000,CITY OF PANABO,112315000,CACAO,112315004,II,,XI,110000000
DAVAO DEL NORTE,112300000,CITY OF PANABO,112315000,CAGANGOHAN,112315005,II,,XI,110000000
DAVAO DEL NORTE,112300000,CITY OF PANABO,112315000,CONSOLACION,112315006,II,,XI,110000000
DAVAO DEL NORTE,112300000,CITY OF PANABO,112315000,DAPCO,112315007,II,,XI,110000000
DAVAO DEL NORTE,112300000,CITY OF PANABO,112315000,GREDU (POB.),112315009,II,,XI,110000000
DAVAO DEL NORTE,112300000,CITY OF PANABO,112315000,J.P. LAUREL,112315010,II,,XI,110000000
DAVAO DEL NORTE,112300000,CITY OF PANABO,112315000,KASILAK,112315011,II,,XI,110000000
DAVAO DEL NORTE,112300000,CITY OF PANABO,112315000,KATIPUNAN,112315012,II,,XI,110000000
DAVAO DEL NORTE,112300000,CITY OF PANABO,112315000,KATUALAN,112315013,II,,XI,110000000
DAVAO DEL NORTE,112300000,CITY OF PANABO,112315000,KAUSWAGAN,112315014,II,,XI,110000000
DAVAO DEL NORTE,112300000,CITY OF PANABO,112315000,KIOTOY,112315015,II,,XI,110000000
DAVAO DEL NORTE,112300000,CITY OF PANABO,112315000,LITTLE PANAY,112315016,II,,XI,110000000
DAVAO DEL NORTE,112300000,CITY OF PANABO,112315000,LOWER PANAGA (ROXAS),112315017,II,,XI,110000000
DAVAO DEL NORTE,112300000,CITY OF PANABO,112315000,MABUNAO,112315018,II,,XI,110000000
DAVAO DEL NORTE,112300000,CITY OF PANABO,112315000,MADUAO,112315019,II,,XI,110000000
DAVAO DEL NORTE,112300000,CITY OF PANABO,112315000,MALATIVAS,112315020,II,,XI,110000000
DAVAO DEL NORTE,112300000,CITY OF PANABO,112315000,MANAY,112315021,II,,XI,110000000
DAVAO DEL NORTE,112300000,CITY OF PANABO,112315000,NANYO,112315022,II,,XI,110000000
DAVAO DEL NORTE,112300000,CITY OF PANABO,112315000,NEW MALAGA (DALISAY),112315023,II,,XI,110000000
DAVAO DEL NORTE,112300000,CITY OF PANABO,112315000,NEW MALITBOG,112315024,II,,XI,110000000
DAVAO DEL NORTE,112300000,CITY OF PANABO,112315000,NEW PANDAN (POB.),112315025,II,,XI,110000000
DAVAO DEL NORTE,112300000,CITY OF PANABO,112315000,NEW VISAYAS,112315026,II,,XI,110000000
DAVAO DEL NORTE,112300000,CITY OF PANABO,112315000,QUEZON,112315027,II,,XI,110000000
DAVAO DEL NORTE,112300000,CITY OF PANABO,112315000,SALVACION,112315028,II,,XI,110000000
DAVAO DEL NORTE,112300000,CITY OF PANABO,112315000,SAN FRANCISCO (POB.),112315029,II,,XI,110000000
DAVAO DEL NORTE,112300000,CITY OF PANABO,112315000,SAN NICOLAS,112315030,II,,XI,110000000
DAVAO DEL NORTE,112300000,CITY OF PANABO,112315000,SAN ROQUE,112315031,II,,XI,110000000
DAVAO DEL NORTE,112300000,CITY OF PANABO,112315000,SAN VICENTE,112315032,II,,XI,110000000
DAVAO DEL NORTE,112300000,CITY OF PANABO,112315000,SANTA CRUZ,112315033,II,,XI,110000000
DAVAO DEL NORTE,112300000,CITY OF PANABO,112315000,SANTO NIÑO (POB.),112315034,II,,XI,110000000
DAVAO DEL NORTE,112300000,CITY OF PANABO,112315000,SINDATON,112315035,II,,XI,110000000
DAVAO DEL NORTE,112300000,CITY OF PANABO,112315000,SOUTHERN DAVAO,112315036,II,,XI,110000000
DAVAO DEL NORTE,112300000,CITY OF PANABO,112315000,TAGPORE,112315037,II,,XI,110000000
DAVAO DEL NORTE,112300000,CITY OF PANABO,112315000,TIBUNGOL,112315038,II,,XI,110000000
DAVAO DEL NORTE,112300000,CITY OF PANABO,112315000,UPPER LICANAN,112315039,II,,XI,110000000
DAVAO DEL NORTE,112300000,CITY OF PANABO,112315000,WATERFALL,112315040,II,,XI,110000000
DAVAO DEL NORTE,112300000,CITY OF PANABO,112315000,SAN PEDRO,112315041,II,,XI,110000000
DAVAO DEL NORTE,112300000,ISLAND GARDEN CITY OF SAMAL,112317000,ADECOR,112317001,II,,XI,110000000
DAVAO DEL NORTE,112300000,ISLAND GARDEN CITY OF SAMAL,112317000,ANONANG,112317002,II,,XI,110000000
DAVAO DEL NORTE,112300000,ISLAND GARDEN CITY OF SAMAL,112317000,AUMBAY,112317003,II,,XI,110000000
DAVAO DEL NORTE,112300000,ISLAND GARDEN CITY OF SAMAL,112317000,AUNDANAO,112317004,II,,XI,110000000
DAVAO DEL NORTE,112300000,ISLAND GARDEN CITY OF SAMAL,112317000,BALET,112317005,II,,XI,110000000
DAVAO DEL NORTE,112300000,ISLAND GARDEN CITY OF SAMAL,112317000,BANDERA,112317006,II,,XI,110000000
DAVAO DEL NORTE,112300000,ISLAND GARDEN CITY OF SAMAL,112317000,CALICLIC (DANGCA-AN),112317007,II,,XI,110000000
DAVAO DEL NORTE,112300000,ISLAND GARDEN CITY OF SAMAL,112317000,CAMUDMUD,112317008,II,,XI,110000000
DAVAO DEL NORTE,112300000,ISLAND GARDEN CITY OF SAMAL,112317000,CATAGMAN,112317009,II,,XI,110000000
DAVAO DEL NORTE,112300000,ISLAND GARDEN CITY OF SAMAL,112317000,CAWAG,112317010,II,,XI,110000000
DAVAO DEL NORTE,112300000,ISLAND GARDEN CITY OF SAMAL,112317000,COGON,112317011,II,,XI,110000000
DAVAO DEL NORTE,112300000,ISLAND GARDEN CITY OF SAMAL,112317000,COGON (TALICOD),112317012,II,,XI,110000000
DAVAO DEL NORTE,112300000,ISLAND GARDEN CITY OF SAMAL,112317000,DADATAN,112317013,II,,XI,110000000
DAVAO DEL NORTE,112300000,ISLAND GARDEN CITY OF SAMAL,112317000,DEL MONTE,112317014,II,,XI,110000000
DAVAO DEL NORTE,112300000,ISLAND GARDEN CITY OF SAMAL,112317000,GUILON,112317015,II,,XI,110000000
DAVAO DEL NORTE,112300000,ISLAND GARDEN CITY OF SAMAL,112317000,KANAAN,112317016,II,,XI,110000000
DAVAO DEL NORTE,112300000,ISLAND GARDEN CITY OF SAMAL,112317000,KINAWITNON,112317017,II,,XI,110000000
DAVAO DEL NORTE,112300000,ISLAND GARDEN CITY OF SAMAL,112317000,LIBERTAD,112317018,II,,XI,110000000
DAVAO DEL NORTE,112300000,ISLAND GARDEN CITY OF SAMAL,112317000,LIBUAK,112317019,II,,XI,110000000
DAVAO DEL NORTE,112300000,ISLAND GARDEN CITY OF SAMAL,112317000,LICUP,112317020,II,,XI,110000000
DAVAO DEL NORTE,112300000,ISLAND GARDEN CITY OF SAMAL,112317000,LIMAO,112317021,II,,XI,110000000
DAVAO DEL NORTE,112300000,ISLAND GARDEN CITY OF SAMAL,112317000,LINOSUTAN,112317022,II,,XI,110000000
DAVAO DEL NORTE,112300000,ISLAND GARDEN CITY OF SAMAL,112317000,MAMBAGO-A,112317023,II,,XI,110000000
DAVAO DEL NORTE,112300000,ISLAND GARDEN CITY OF SAMAL,112317000,MAMBAGO-B,112317024,II,,XI,110000000
DAVAO DEL NORTE,112300000,ISLAND GARDEN CITY OF SAMAL,112317000,MIRANDA (POB.),112317025,II,,XI,110000000
DAVAO DEL NORTE,112300000,ISLAND GARDEN CITY OF SAMAL,112317000,MONCADO (POB.),112317026,II,,XI,110000000
DAVAO DEL NORTE,112300000,ISLAND GARDEN CITY OF SAMAL,112317000,PANGUBATAN (TALICOD I),112317027,II,,XI,110000000
DAVAO DEL NORTE,112300000,ISLAND GARDEN CITY OF SAMAL,112317000,PEÑAPLATA (POB.),112317028,II,,XI,110000000
DAVAO DEL NORTE,112300000,ISLAND GARDEN CITY OF SAMAL,112317000,POBLACION (KAPUTIAN),112317029,II,,XI,110000000
DAVAO DEL NORTE,112300000,ISLAND GARDEN CITY OF SAMAL,112317000,SAN AGUSTIN,112317030,II,,XI,110000000
DAVAO DEL NORTE,112300000,ISLAND GARDEN CITY OF SAMAL,112317000,SAN ANTONIO,112317031,II,,XI,110000000
DAVAO DEL NORTE,112300000,ISLAND GARDEN CITY OF SAMAL,112317000,SAN ISIDRO (BABAK),112317032,II,,XI,110000000
DAVAO DEL NORTE,112300000,ISLAND GARDEN CITY OF SAMAL,112317000,SAN ISIDRO (KAPUTIAN),112317033,II,,XI,110000000
DAVAO DEL NORTE,112300000,ISLAND GARDEN CITY OF SAMAL,112317000,SAN JOSE (SAN LAPUZ),112317034,II,,XI,110000000
DAVAO DEL NORTE,112300000,ISLAND GARDEN CITY OF SAMAL,112317000,SAN MIGUEL (MAGAMONO),112317035,II,,XI,110000000
DAVAO DEL NORTE,112300000,ISLAND GARDEN CITY OF SAMAL,112317000,SAN REMIGIO,112317036,II,,XI,110000000
DAVAO DEL NORTE,112300000,ISLAND GARDEN CITY OF SAMAL,112317000,SANTA CRUZ (TALICOD II),112317037,II,,XI,110000000
DAVAO DEL NORTE,112300000,ISLAND GARDEN CITY OF SAMAL,112317000,SANTO NIÑO,112317038,II,,XI,110000000
DAVAO DEL NORTE,112300000,ISLAND GARDEN CITY OF SAMAL,112317000,SION (ZION),112317039,II,,XI,110000000
DAVAO DEL NORTE,112300000,ISLAND GARDEN CITY OF SAMAL,112317000,TAGBAOBO,112317040,II,,XI,110000000
DAVAO DEL NORTE,112300000,ISLAND GARDEN CITY OF SAMAL,112317000,TAGBAY,112317041,II,,XI,110000000
DAVAO DEL NORTE,112300000,ISLAND GARDEN CITY OF SAMAL,112317000,TAGBITAN-AG,112317042,II,,XI,110000000
DAVAO DEL NORTE,112300000,ISLAND GARDEN CITY OF SAMAL,112317000,TAGDALIAO,112317043,II,,XI,110000000
DAVAO DEL NORTE,112300000,ISLAND GARDEN CITY OF SAMAL,112317000,TAGPOPONGAN,112317044,II,,XI,110000000
DAVAO DEL NORTE,112300000,ISLAND GARDEN CITY OF SAMAL,112317000,TAMBO,112317045,II,,XI,110000000
DAVAO DEL NORTE,112300000,ISLAND GARDEN CITY OF SAMAL,112317000,TORIL,112317046,II,,XI,110000000
DAVAO DEL NORTE,112300000,CITY OF TAGUM (Capital),112319000,APOKON,112319001,I,,XI,110000000
DAVAO DEL NORTE,112300000,CITY OF TAGUM (Capital),112319000,BINCUNGAN,112319003,I,,XI,110000000
DAVAO DEL NORTE,112300000,CITY OF TAGUM (Capital),112319000,BUSAON,112319004,I,,XI,110000000
DAVAO DEL NORTE,112300000,CITY OF TAGUM (Capital),112319000,CANOCOTAN,112319005,I,,XI,110000000
DAVAO DEL NORTE,112300000,CITY OF TAGUM (Capital),112319000,CUAMBOGAN,112319006,I,,XI,110000000
DAVAO DEL NORTE,112300000,CITY OF TAGUM (Capital),112319000,LA FILIPINA,112319007,I,,XI,110000000
DAVAO DEL NORTE,112300000,CITY OF TAGUM (Capital),112319000,LIBOGANON,112319008,I,,XI,110000000
DAVAO DEL NORTE,112300000,CITY OF TAGUM (Capital),112319000,MADAUM,112319009,I,,XI,110000000
DAVAO DEL NORTE,112300000,CITY OF TAGUM (Capital),112319000,MAGDUM,112319010,I,,XI,110000000
DAVAO DEL NORTE,112300000,CITY OF TAGUM (Capital),112319000,MANKILAM,112319011,I,,XI,110000000
DAVAO DEL NORTE,112300000,CITY OF TAGUM (Capital),112319000,NEW BALAMBAN,112319012,I,,XI,110000000
DAVAO DEL NORTE,112300000,CITY OF TAGUM (Capital),112319000,NUEVA FUERZA,112319013,I,,XI,110000000
DAVAO DEL NORTE,112300000,CITY OF TAGUM (Capital),112319000,PAGSABANGAN,112319014,I,,XI,110000000
DAVAO DEL NORTE,112300000,CITY OF TAGUM (Capital),112319000,PANDAPAN,112319015,I,,XI,110000000
DAVAO DEL NORTE,112300000,CITY OF TAGUM (Capital),112319000,MAGUGPO POBLACION,112319016,I,,XI,110000000
DAVAO DEL NORTE,112300000,CITY OF TAGUM (Capital),112319000,SAN AGUSTIN,112319018,I,,XI,110000000
DAVAO DEL NORTE,112300000,CITY OF TAGUM (Capital),112319000,SAN ISIDRO,112319019,I,,XI,110000000
DAVAO DEL NORTE,112300000,CITY OF TAGUM (Capital),112319000,SAN MIGUEL (CAMP 4),112319020,I,,XI,110000000
DAVAO DEL NORTE,112300000,CITY OF TAGUM (Capital),112319000,VISAYAN VILLAGE,112319022,I,,XI,110000000
DAVAO DEL NORTE,112300000,CITY OF TAGUM (Capital),112319000,MAGUGPO EAST,112319023,I,,XI,110000000
DAVAO DEL NORTE,112300000,CITY OF TAGUM (Capital),112319000,MAGUGPO NORTH,112319024,I,,XI,110000000
DAVAO DEL NORTE,112300000,CITY OF TAGUM (Capital),112319000,MAGUGPO SOUTH,112319025,I,,XI,110000000
DAVAO DEL NORTE,112300000,CITY OF TAGUM (Capital),112319000,MAGUGPO WEST,112319026,I,,XI,110000000
DAVAO DEL NORTE,112300000,ASUNCION (SAUG),112301000,BINANCIAN,112301004,I,,XI,110000000
DAVAO DEL NORTE,112300000,ASUNCION (SAUG),112301000,BUAN,112301006,I,,XI,110000000
DAVAO DEL NORTE,112300000,ASUNCION (SAUG),112301000,BUCLAD,112301007,I,,XI,110000000
DAVAO DEL NORTE,112300000,ASUNCION (SAUG),112301000,CABAYWA,112301008,I,,XI,110000000
DAVAO DEL NORTE,112300000,ASUNCION (SAUG),112301000,CAMANSA,112301009,I,,XI,110000000
DAVAO DEL NORTE,112300000,ASUNCION (SAUG),112301000,CAMONING,112301010,I,,XI,110000000
DAVAO DEL NORTE,112300000,ASUNCION (SAUG),112301000,CANATAN,112301011,I,,XI,110000000
DAVAO DEL NORTE,112300000,ASUNCION (SAUG),112301000,CONCEPCION,112301012,I,,XI,110000000
DAVAO DEL NORTE,112300000,ASUNCION (SAUG),112301000,DOÑA ANDREA,112301013,I,,XI,110000000
DAVAO DEL NORTE,112300000,ASUNCION (SAUG),112301000,MAGATOS,112301026,I,,XI,110000000
DAVAO DEL NORTE,112300000,ASUNCION (SAUG),112301000,NAPUNGAS,112301028,I,,XI,110000000
DAVAO DEL NORTE,112300000,ASUNCION (SAUG),112301000,NEW BANTAYAN,112301029,I,,XI,110000000
DAVAO DEL NORTE,112300000,ASUNCION (SAUG),112301000,NEW SANTIAGO,112301030,I,,XI,110000000
DAVAO DEL NORTE,112300000,ASUNCION (SAUG),112301000,PAMACAUN,112301031,I,,XI,110000000
DAVAO DEL NORTE,112300000,ASUNCION (SAUG),112301000,CAMBANOGOY (POB.),112301032,I,,XI,110000000
DAVAO DEL NORTE,112300000,ASUNCION (SAUG),112301000,SAGAYEN,112301034,I,,XI,110000000
DAVAO DEL NORTE,112300000,ASUNCION (SAUG),112301000,SAN VICENTE,112301036,I,,XI,110000000
DAVAO DEL NORTE,112300000,ASUNCION (SAUG),112301000,SANTA FILOMENA,112301037,I,,XI,110000000
DAVAO DEL NORTE,112300000,ASUNCION (SAUG),112301000,SONLON,112301039,I,,XI,110000000
DAVAO DEL NORTE,112300000,ASUNCION (SAUG),112301000,NEW LOON,112301040,I,,XI,110000000
DAVAO DEL NORTE,112300000,CARMEN,112303000,ALEJAL,112303001,II,,XI,110000000
DAVAO DEL NORTE,112300000,CARMEN,112303000,ANIBONGAN,112303002,II,,XI,110000000
DAVAO DEL NORTE,112300000,CARMEN,112303000,ASUNCION (CUATRO-CUATRO),112303003,II,,XI,110000000
DAVAO DEL NORTE,112300000,CARMEN,112303000,CEBULANO,112303005,II,,XI,110000000
DAVAO DEL NORTE,112300000,CARMEN,112303000,GUADALUPE,112303006,II,,XI,110000000
DAVAO DEL NORTE,112300000,CARMEN,112303000,ISING (POB.),112303007,II,,XI,110000000
DAVAO DEL NORTE,112300000,CARMEN,112303000,LA PAZ,112303008,II,,XI,110000000
DAVAO DEL NORTE,112300000,CARMEN,112303000,MABAUS,112303010,II,,XI,110000000
DAVAO DEL NORTE,112300000,CARMEN,112303000,MABUHAY,112303011,II,,XI,110000000
DAVAO DEL NORTE,112300000,CARMEN,112303000,MAGSAYSAY,112303012,II,,XI,110000000
DAVAO DEL NORTE,112300000,CARMEN,112303000,MANGALCAL,112303014,II,,XI,110000000
DAVAO DEL NORTE,112300000,CARMEN,112303000,MINDA,112303015,II,,XI,110000000
DAVAO DEL NORTE,112300000,CARMEN,112303000,NEW CAMILING,112303016,II,,XI,110000000
DAVAO DEL NORTE,112300000,CARMEN,112303000,SAN ISIDRO,112303018,II,,XI,110000000
DAVAO DEL NORTE,112300000,CARMEN,112303000,SANTO NIÑO,112303019,II,,XI,110000000
DAVAO DEL NORTE,112300000,CARMEN,112303000,TIBULAO,112303020,II,,XI,110000000
DAVAO DEL NORTE,112300000,CARMEN,112303000,TUBOD,112303021,II,,XI,110000000
DAVAO DEL NORTE,112300000,CARMEN,112303000,TUGANAY,112303022,II,,XI,110000000
DAVAO DEL NORTE,112300000,CARMEN,112303000,SALVACION,112303023,II,,XI,110000000
DAVAO DEL NORTE,112300000,CARMEN,112303000,TABA,112303024,II,,XI,110000000
DAVAO DEL NORTE,112300000,KAPALONG,112305000,SEMONG,112305003,I,,XI,110000000
DAVAO DEL NORTE,112300000,KAPALONG,112305001,FLORIDA,112305005,I,,XI,110000000
DAVAO DEL NORTE,112300000,KAPALONG,112305002,GABUYAN,112305006,I,,XI,110000000
DAVAO DEL NORTE,112300000,KAPALONG,112305003,GUPITAN,112305007,I,,XI,110000000
DAVAO DEL NORTE,112300000,KAPALONG,112305004,CAPUNGAGAN,112305008,I,,XI,110000000
DAVAO DEL NORTE,112300000,KAPALONG,112305005,KATIPUNAN,112305009,I,,XI,110000000
DAVAO DEL NORTE,112300000,KAPALONG,112305006,LUNA,112305012,I,,XI,110000000
DAVAO DEL NORTE,112300000,KAPALONG,112305007,MABANTAO,112305013,I,,XI,110000000
DAVAO DEL NORTE,112300000,KAPALONG,112305008,MAMACAO,112305015,I,,XI,110000000
DAVAO DEL NORTE,112300000,KAPALONG,112305009,PAG-ASA,112305018,I,,XI,110000000
DAVAO DEL NORTE,112300000,KAPALONG,112305010,MANIKI (POBLACION),112305021,I,,XI,110000000
DAVAO DEL NORTE,112300000,KAPALONG,112305011,SAMPAO,112305022,I,,XI,110000000
DAVAO DEL NORTE,112300000,KAPALONG,112305012,SUA-ON,112305026,I,,XI,110000000
DAVAO DEL NORTE,112300000,KAPALONG,112305013,TIBURCIA,112305028,I,,XI,110000000
DAVAO DEL NORTE,112300000,NEW CORELLA,112314000,CABIDIANAN,112314001,I,,XI,110000000
DAVAO DEL NORTE,112300000,NEW CORELLA,112314000,CARCOR,112314002,I,,XI,110000000
DAVAO DEL NORTE,112300000,NEW CORELLA,112314000,DEL MONTE,112314003,I,,XI,110000000
DAVAO DEL NORTE,112300000,NEW CORELLA,112314000,DEL PILAR,112314004,I,,XI,110000000
DAVAO DEL NORTE,112300000,NEW CORELLA,112314000,EL SALVADOR,112314005,I,,XI,110000000
DAVAO DEL NORTE,112300000,NEW CORELLA,112314000,LIMBA-AN,112314006,I,,XI,110000000
DAVAO DEL NORTE,112300000,NEW CORELLA,112314000,MACGUM,112314007,I,,XI,110000000
DAVAO DEL NORTE,112300000,NEW CORELLA,112314000,MAMBING,112314008,I,,XI,110000000
DAVAO DEL NORTE,112300000,NEW CORELLA,112314000,MESAOY,112314009,I,,XI,110000000
DAVAO DEL NORTE,112300000,NEW CORELLA,112314000,NEW BOHOL,112314010,I,,XI,110000000
DAVAO DEL NORTE,112300000,NEW CORELLA,112314000,NEW CORTEZ,112314011,I,,XI,110000000
DAVAO DEL NORTE,112300000,NEW CORELLA,112314000,NEW SAMBOG,112314012,I,,XI,110000000
DAVAO DEL NORTE,112300000,NEW CORELLA,112314000,PATROCENIO,112314013,I,,XI,110000000
DAVAO DEL NORTE,112300000,NEW CORELLA,112314000,POBLACION,112314014,I,,XI,110000000
DAVAO DEL NORTE,112300000,NEW CORELLA,112314000,SAN ROQUE,112314015,I,,XI,110000000
DAVAO DEL NORTE,112300000,NEW CORELLA,112314000,SANTA CRUZ,112314016,I,,XI,110000000
DAVAO DEL NORTE,112300000,NEW CORELLA,112314000,SANTA FE,112314017,I,,XI,110000000
DAVAO DEL NORTE,112300000,NEW CORELLA,112314000,SANTO NIÑO,112314018,I,,XI,110000000
DAVAO DEL NORTE,112300000,NEW CORELLA,112314000,SUAWON,112314019,I,,XI,110000000
DAVAO DEL NORTE,112300000,NEW CORELLA,112314000,SAN JOSE,112314020,I,,XI,110000000
DAVAO DEL NORTE,112300000,SANTO TOMAS,112318000,BALAGUNAN,112318001,II,,XI,110000000
DAVAO DEL NORTE,112300000,SANTO TOMAS,112318000,BOBONGON,112318002,II,,XI,110000000
DAVAO DEL NORTE,112300000,SANTO TOMAS,112318000,ESPERANZA,112318003,II,,XI,110000000
DAVAO DEL NORTE,112300000,SANTO TOMAS,112318000,KIMAMON,112318004,II,,XI,110000000
DAVAO DEL NORTE,112300000,SANTO TOMAS,112318000,KINAMAYAN,112318005,II,,XI,110000000
DAVAO DEL NORTE,112300000,SANTO TOMAS,112318000,LA LIBERTAD,112318006,II,,XI,110000000
DAVAO DEL NORTE,112300000,SANTO TOMAS,112318000,LUNGAOG,112318007,II,,XI,110000000
DAVAO DEL NORTE,112300000,SANTO TOMAS,112318000,MAGWAWA,112318008,II,,XI,110000000
DAVAO DEL NORTE,112300000,SANTO TOMAS,112318000,NEW KATIPUNAN,112318009,II,,XI,110000000
DAVAO DEL NORTE,112300000,SANTO TOMAS,112318000,PANTARON,112318010,II,,XI,110000000
DAVAO DEL NORTE,112300000,SANTO TOMAS,112318000,TIBAL-OG (POB.),112318011,II,,XI,110000000
DAVAO DEL NORTE,112300000,SANTO TOMAS,112318000,SAN JOSE,112318013,II,,XI,110000000
DAVAO DEL NORTE,112300000,SANTO TOMAS,112318000,SAN MIGUEL,112318014,II,,XI,110000000
DAVAO DEL NORTE,112300000,SANTO TOMAS,112318000,TALOMO,112318015,II,,XI,110000000
DAVAO DEL NORTE,112300000,SANTO TOMAS,112318000,CASIG-ANG,112318016,II,,XI,110000000
DAVAO DEL NORTE,112300000,SANTO TOMAS,112318000,NEW VISAYAS,112318017,II,,XI,110000000
DAVAO DEL NORTE,112300000,SANTO TOMAS,112318000,SALVACION,112318018,II,,XI,110000000
DAVAO DEL NORTE,112300000,SANTO TOMAS,112318000,SAN VICENTE,112318019,II,,XI,110000000
DAVAO DEL NORTE,112300000,SANTO TOMAS,112318000,TULALIAN,112318020,II,,XI,110000000
DAVAO DEL NORTE,112300000,TALAINGOD,112322000,DAGOHOY,112322001,I,,XI,110000000
DAVAO DEL NORTE,112300000,TALAINGOD,112322000,PALMA GIL,112322002,I,,XI,110000000
DAVAO DEL NORTE,112300000,TALAINGOD,112322000,SANTO NIÑO,112322003,I,,XI,110000000
DAVAO DEL NORTE,112300000,BRAULIO E. DUJALI,112323000,CABAY-ANGAN,112323001,II,,XI,110000000
DAVAO DEL NORTE,112300000,BRAULIO E. DUJALI,112323000,DUJALI,112323002,II,,XI,110000000
DAVAO DEL NORTE,112300000,BRAULIO E. DUJALI,112323000,MAGUPISING,112323003,II,,XI,110000000
DAVAO DEL NORTE,112300000,BRAULIO E. DUJALI,112323000,NEW CASAY,112323004,II,,XI,110000000
DAVAO DEL NORTE,112300000,BRAULIO E. DUJALI,112323000,TANGLAW,112323005,II,,XI,110000000
DAVAO DEL NORTE,112300000,SAN ISIDRO,112324000,DACUDAO,112324001,I,,XI,110000000
DAVAO DEL NORTE,112300000,SAN ISIDRO,112324000,DATU BALONG,112324002,I,,XI,110000000
DAVAO DEL NORTE,112300000,SAN ISIDRO,112324000,IGANGON,112324003,I,,XI,110000000
DAVAO DEL NORTE,112300000,SAN ISIDRO,112324000,KIPALILI,112324004,I,,XI,110000000
DAVAO DEL NORTE,112300000,SAN ISIDRO,112324000,LIBUTON,112324005,I,,XI,110000000
DAVAO DEL NORTE,112300000,SAN ISIDRO,112324000,LINAO,112324006,I,,XI,110000000
DAVAO DEL NORTE,112300000,SAN ISIDRO,112324000,MAMANGAN,112324007,I,,XI,110000000
DAVAO DEL NORTE,112300000,SAN ISIDRO,112324000,MONTE DUJALI,112324008,I,,XI,110000000
DAVAO DEL NORTE,112300000,SAN ISIDRO,112324000,PINAMUNO,112324009,I,,XI,110000000
DAVAO DEL NORTE,112300000,SAN ISIDRO,112324000,SABANGAN,112324010,I,,XI,110000000
DAVAO DEL NORTE,112300000,SAN ISIDRO,112324000,SAN MIGUEL,112324011,I,,XI,110000000
DAVAO DEL NORTE,112300000,SAN ISIDRO,112324000,SANTO NIÑO,112324012,I,,XI,110000000
DAVAO DEL NORTE,112300000,SAN ISIDRO,112324000,SAWATA,112324013,I,,XI,110000000
DAVAO DEL SUR,112400000,DAVAO CITY,112402000,ACACIA,112402001,II,BUHANGIN-A,XI,110000000
DAVAO DEL SUR,112400000,DAVAO CITY,112402000,AGDAO,112402002,II,AGDAO,XI,110000000
DAVAO DEL SUR,112400000,DAVAO CITY,112402000,ALAMBRE,112402003,III,TORIL,XI,110000000
DAVAO DEL SUR,112400000,DAVAO CITY,112402000,ATAN-AWE,112402004,III,TORIL,XI,110000000
DAVAO DEL SUR,112400000,DAVAO CITY,112402000,BAGO GALLERA,112402005,I,TALOMO-B,XI,110000000
DAVAO DEL SUR,112400000,DAVAO CITY,112402000,BAGO OSHIRO,112402006,III,TUGBOK,XI,110000000
DAVAO DEL SUR,112400000,DAVAO CITY,112402000,BAGUIO (POB.),112402007,III,BAGUIO,XI,110000000
DAVAO DEL SUR,112400000,DAVAO CITY,112402000,BALENGAENG,112402009,III,TUGBOK,XI,110000000
DAVAO DEL SUR,112400000,DAVAO CITY,112402000,BALIOK,112402010,I,TALOMO-B,XI,110000000
DAVAO DEL SUR,112400000,DAVAO CITY,112402000,BANGKAS HEIGHTS,112402012,III,TORIL,XI,110000000
DAVAO DEL SUR,112400000,DAVAO CITY,112402000,BARACATAN,112402013,III,TORIL,XI,110000000
DAVAO DEL SUR,112400000,DAVAO CITY,112402000,BATO,112402014,III,TORIL,XI,110000000
DAVAO DEL SUR,112400000,DAVAO CITY,112402000,BAYABAS,112402015,III,TORIL,XI,110000000
DAVAO DEL SUR,112400000,DAVAO CITY,112402000,BIAO ESCUELA,112402016,III,TUGBOK,XI,110000000
DAVAO DEL SUR,112400000,DAVAO CITY,112402000,BIAO GUIANGA,112402017,III,TUGBOK,XI,110000000
DAVAO DEL SUR,112400000,DAVAO CITY,112402000,BIAO JOAQUIN,112402018,III,CALINAN,XI,110000000
DAVAO DEL SUR,112400000,DAVAO CITY,112402000,BINUGAO,112402019,III,TORIL,XI,110000000
DAVAO DEL SUR,112400000,DAVAO CITY,112402000,BUCANA,112402020,I,TALOMO-A,XI,110000000
DAVAO DEL SUR,112400000,DAVAO CITY,112402000,BUHANGIN (POB.),112402021,II,BUHANGIN-A,XI,110000000
DAVAO DEL SUR,112400000,DAVAO CITY,112402000,BUNAWAN (POB.),112402022,II,BUNAWAN,XI,110000000
DAVAO DEL SUR,112400000,DAVAO CITY,112402000,CABANTIAN,112402023,II,BUHANGIN-B,XI,110000000
DAVAO DEL SUR,112400000,DAVAO CITY,112402000,CADALIAN,112402024,III,BAGUIO,XI,110000000
DAVAO DEL SUR,112400000,DAVAO CITY,112402000,CALINAN (POB.),112402026,III,CALINAN,XI,110000000
DAVAO DEL SUR,112400000,DAVAO CITY,112402000,CALLAWA,112402027,II,BUHANGIN-A,XI,110000000
DAVAO DEL SUR,112400000,DAVAO CITY,112402000,CAMANSI,112402028,III,TORIL,XI,110000000
DAVAO DEL SUR,112400000,DAVAO CITY,112402000,CARMEN,112402029,III,BAGUIO,XI,110000000
DAVAO DEL SUR,112400000,DAVAO CITY,112402000,CATALUNAN GRANDE,112402030,I,TALOMO-A,XI,110000000
DAVAO DEL SUR,112400000,DAVAO CITY,112402000,CATALUNAN PEQUEÑO,112402031,I,TALOMO-B,XI,110000000
DAVAO DEL SUR,112400000,DAVAO CITY,112402000,CATIGAN,112402032,III,TORIL,XI,110000000
DAVAO DEL SUR,112400000,DAVAO CITY,112402000,CAWAYAN,112402033,III,CALINAN,XI,110000000
DAVAO DEL SUR,112400000,DAVAO CITY,112402000,COLOSAS,112402034,II,PAQUIBATO,XI,110000000
DAVAO DEL SUR,112400000,DAVAO CITY,112402000,COMMUNAL,112402035,II,BUHANGIN-B,XI,110000000
DAVAO DEL SUR,112400000,DAVAO CITY,112402000,CROSSING BAYABAS,112402036,III,TORIL,XI,110000000
DAVAO DEL SUR,112400000,DAVAO CITY,112402000,DACUDAO,112402037,III,CALINAN,XI,110000000
DAVAO DEL SUR,112400000,DAVAO CITY,112402000,DALAG,112402038,III,MARILOG,XI,110000000
DAVAO DEL SUR,112400000,DAVAO CITY,112402000,DALAGDAG,112402039,III,CALINAN,XI,110000000
DAVAO DEL SUR,112400000,DAVAO CITY,112402000,DALIAO,112402040,III,TORIL,XI,110000000
DAVAO DEL SUR,112400000,DAVAO CITY,112402000,DALIAON PLANTATION,112402041,III,TORIL,XI,110000000
DAVAO DEL SUR,112400000,DAVAO CITY,112402000,DOMINGA,112402042,III,CALINAN,XI,110000000
DAVAO DEL SUR,112400000,DAVAO CITY,112402000,DUMOY,112402043,I,TALOMO-B,XI,110000000
DAVAO DEL SUR,112400000,DAVAO CITY,112402000,EDEN,112402044,III,TORIL,XI,110000000
DAVAO DEL SUR,112400000,DAVAO CITY,112402000,FATIMA (BENOWANG),112402045,II,PAQUIBATO,XI,110000000
DAVAO DEL SUR,112400000,DAVAO CITY,112402000,GATUNGAN,112402047,II,BUNAWAN,XI,110000000
DAVAO DEL SUR,112400000,DAVAO CITY,112402000,GUMALANG,112402048,III,BAGUIO,XI,110000000
DAVAO DEL SUR,112400000,DAVAO CITY,112402000,ILANG,112402049,II,BUNAWAN,XI,110000000
DAVAO DEL SUR,112400000,DAVAO CITY,112402000,INDANGAN,112402050,II,BUHANGIN-A,XI,110000000
DAVAO DEL SUR,112400000,DAVAO CITY,112402000,KILATE,112402051,III,TORIL,XI,110000000
DAVAO DEL SUR,112400000,DAVAO CITY,112402000,LACSON,112402052,III,CALINAN,XI,110000000
DAVAO DEL SUR,112400000,DAVAO CITY,112402000,LAMANAN,112402053,III,CALINAN,XI,110000000
DAVAO DEL SUR,112400000,DAVAO CITY,112402000,LAMPIANAO,112402054,III,CALINAN,XI,110000000
DAVAO DEL SUR,112400000,DAVAO CITY,112402000,LANGUB,112402055,I,TALOMO-A,XI,110000000
DAVAO DEL SUR,112400000,DAVAO CITY,112402000,ALEJANDRA NAVARRO (LASANG),112402056,II,BUNAWAN,XI,110000000
DAVAO DEL SUR,112400000,DAVAO CITY,112402000,LIZADA,112402057,III,TORIL,XI,110000000
DAVAO DEL SUR,112400000,DAVAO CITY,112402000,LOS AMIGOS,112402058,III,TUGBOK,XI,110000000
DAVAO DEL SUR,112400000,DAVAO CITY,112402000,LUBOGAN,112402059,III,TORIL,XI,110000000
DAVAO DEL SUR,112400000,DAVAO CITY,112402000,LUMIAD,112402060,II,PAQUIBATO,XI,110000000
DAVAO DEL SUR,112400000,DAVAO CITY,112402000,MA-A,112402061,I,TALOMO-A,XI,110000000
DAVAO DEL SUR,112400000,DAVAO CITY,112402000,MABUHAY,112402062,II,PAQUIBATO,XI,110000000
DAVAO DEL SUR,112400000,DAVAO CITY,112402000,MAGTUOD,112402063,I,TALOMO-A,XI,110000000
DAVAO DEL SUR,112400000,DAVAO CITY,112402000,MAHAYAG,112402064,II,BUNAWAN,XI,110000000
DAVAO DEL SUR,112400000,DAVAO CITY,112402000,MALABOG,112402065,II,PAQUIBATO,XI,110000000
DAVAO DEL SUR,112400000,DAVAO CITY,112402000,MALAGOS,112402066,III,BAGUIO,XI,110000000
DAVAO DEL SUR,112400000,DAVAO CITY,112402000,MALAMBA,112402067,III,MARILOG,XI,110000000
DAVAO DEL SUR,112400000,DAVAO CITY,112402000,MANAMBULAN,112402068,III,TUGBOK,XI,110000000
DAVAO DEL SUR,112400000,DAVAO CITY,112402000,MANDUG,112402069,II,BUHANGIN-A,XI,110000000
DAVAO DEL SUR,112400000,DAVAO CITY,112402000,MANUEL GUIANGA,112402070,III,TUGBOK,XI,110000000
DAVAO DEL SUR,112400000,DAVAO CITY,112402000,MAPULA,112402071,II,PAQUIBATO,XI,110000000
DAVAO DEL SUR,112400000,DAVAO CITY,112402000,MARAPANGI,112402072,III,TORIL,XI,110000000
DAVAO DEL SUR,112400000,DAVAO CITY,112402000,MARILOG,112402073,III,MARILOG,XI,110000000
DAVAO DEL SUR,112400000,DAVAO CITY,112402000,MATINA APLAYA,112402074,I,TALOMO-B,XI,110000000
DAVAO DEL SUR,112400000,DAVAO CITY,112402000,MATINA CROSSING,112402075,I,TALOMO-A,XI,110000000
DAVAO DEL SUR,112400000,DAVAO CITY,112402000,MATINA PANGI,112402077,I,TALOMO-A,XI,110000000
DAVAO DEL SUR,112400000,DAVAO CITY,112402000,MATINA BIAO,112402078,III,TUGBOK,XI,110000000
DAVAO DEL SUR,112400000,DAVAO CITY,112402000,MINTAL,112402079,III,TUGBOK,XI,110000000
DAVAO DEL SUR,112400000,DAVAO CITY,112402000,MUDIANG,112402080,II,BUNAWAN,XI,110000000
DAVAO DEL SUR,112400000,DAVAO CITY,112402000,MULIG,112402081,III,TORIL,XI,110000000
DAVAO DEL SUR,112400000,DAVAO CITY,112402000,NEW CARMEN,112402082,III,TUGBOK,XI,110000000
DAVAO DEL SUR,112400000,DAVAO CITY,112402000,NEW VALENCIA,112402083,III,TUGBOK,XI,110000000
DAVAO DEL SUR,112400000,DAVAO CITY,112402000,PAMPANGA,112402086,II,BUHANGIN-B,XI,110000000
DAVAO DEL SUR,112400000,DAVAO CITY,112402000,PANACAN,112402087,II,BUNAWAN,XI,110000000
DAVAO DEL SUR,112400000,DAVAO CITY,112402000,PANALUM,112402088,II,PAQUIBATO,XI,110000000
DAVAO DEL SUR,112400000,DAVAO CITY,112402000,PANDAITAN,112402089,II,PAQUIBATO,XI,110000000
DAVAO DEL SUR,112400000,DAVAO CITY,112402000,PANGYAN,112402090,III,CALINAN,XI,110000000
DAVAO DEL SUR,112400000,DAVAO CITY,112402000,PAQUIBATO (POB.),112402091,II,PAQUIBATO,XI,110000000
DAVAO DEL SUR,112400000,DAVAO CITY,112402000,PARADISE EMBAK,112402092,II,PAQUIBATO,XI,110000000
DAVAO DEL SUR,112400000,DAVAO CITY,112402000,RIVERSIDE,112402097,III,CALINAN,XI,110000000
DAVAO DEL SUR,112400000,DAVAO CITY,112402000,SALAPAWAN,112402098,II,PAQUIBATO,XI,110000000
DAVAO DEL SUR,112400000,DAVAO CITY,112402000,SALAYSAY,112402099,III,MARILOG,XI,110000000
DAVAO DEL SUR,112400000,DAVAO CITY,112402000,SAN ISIDRO (LICANAN),112402100,II,BUNAWAN,XI,110000000
DAVAO DEL SUR,112400000,DAVAO CITY,112402000,SASA,112402101,II,BUHANGIN-B,XI,110000000
DAVAO DEL SUR,112400000,DAVAO CITY,112402000,SIBULAN,112402102,III,TORIL,XI,110000000
DAVAO DEL SUR,112400000,DAVAO CITY,112402000,SIRAWAN,112402104,III,TORIL,XI,110000000
DAVAO DEL SUR,112400000,DAVAO CITY,112402000,SIRIB,112402105,III,CALINAN,XI,110000000
DAVAO DEL SUR,112400000,DAVAO CITY,112402000,SUAWAN (TULI),112402106,III,MARILOG,XI,110000000
DAVAO DEL SUR,112400000,DAVAO CITY,112402000,SUBASTA,112402107,III,CALINAN,XI,110000000
DAVAO DEL SUR,112400000,DAVAO CITY,112402000,SUMIMAO,112402108,II,PAQUIBATO,XI,110000000
DAVAO DEL SUR,112400000,DAVAO CITY,112402000,TACUNAN,112402110,III,TUGBOK,XI,110000000
DAVAO DEL SUR,112400000,DAVAO CITY,112402000,TAGAKPAN,112402112,III,TUGBOK,XI,110000000
DAVAO DEL SUR,112400000,DAVAO CITY,112402000,TAGLUNO,112402113,III,TORIL,XI,110000000
DAVAO DEL SUR,112400000,DAVAO CITY,112402000,TAGURANO,112402114,III,TORIL,XI,110000000
DAVAO DEL SUR,112400000,DAVAO CITY,112402000,TALANDANG,112402115,III,TUGBOK,XI,110000000
DAVAO DEL SUR,112400000,DAVAO CITY,112402000,TALOMO (POB.),112402116,I,TALOMO-B,XI,110000000
DAVAO DEL SUR,112400000,DAVAO CITY,112402000,TALOMO RIVER,112402117,III,CALINAN,XI,110000000
DAVAO DEL SUR,112400000,DAVAO CITY,112402000,TAMAYONG,112402118,III,CALINAN,XI,110000000
DAVAO DEL SUR,112400000,DAVAO CITY,112402000,TAMBOBONG,112402119,III,BAGUIO,XI,110000000
DAVAO DEL SUR,112400000,DAVAO CITY,112402000,TAMUGAN,112402120,III,MARILOG,XI,110000000
DAVAO DEL SUR,112400000,DAVAO CITY,112402000,TAPAK,112402121,II,PAQUIBATO,XI,110000000
DAVAO DEL SUR,112400000,DAVAO CITY,112402000,TAWAN-TAWAN,112402122,III,BAGUIO,XI,110000000
DAVAO DEL SUR,112400000,DAVAO CITY,112402000,TIBULOY,112402123,III,TORIL,XI,110000000
DAVAO DEL SUR,112400000,DAVAO CITY,112402000,TIBUNGCO,112402124,II,BUNAWAN,XI,110000000
DAVAO DEL SUR,112400000,DAVAO CITY,112402000,TIGATTO,112402125,II,BUHANGIN-A,XI,110000000
DAVAO DEL SUR,112400000,DAVAO CITY,112402000,TORIL (POB.),112402126,III,TORIL,XI,110000000
DAVAO DEL SUR,112400000,DAVAO CITY,112402000,TUGBOK (POB.),112402127,III,TUGBOK,XI,110000000
DAVAO DEL SUR,112400000,DAVAO CITY,112402000,TUNGAKALAN,112402128,III,TORIL,XI,110000000
DAVAO DEL SUR,112400000,DAVAO CITY,112402000,ULA,112402129,III,TUGBOK,XI,110000000
DAVAO DEL SUR,112400000,DAVAO CITY,112402000,WANGAN,112402131,III,CALINAN,XI,110000000
DAVAO DEL SUR,112400000,DAVAO CITY,112402000,WINES,112402133,III,BAGUIO,XI,110000000
DAVAO DEL SUR,112400000,DAVAO CITY,112402000,BARANGAY 1-A (POB.),112402134,I,POBLACION-A,XI,110000000
DAVAO DEL SUR,112400000,DAVAO CITY,112402000,BARANGAY 2-A (POB.),112402135,I,POBLACION-A,XI,110000000
DAVAO DEL SUR,112400000,DAVAO CITY,112402000,BARANGAY 3-A (POB.),112402136,I,POBLACION-A,XI,110000000
DAVAO DEL SUR,112400000,DAVAO CITY,112402000,BARANGAY 4-A (POB.),112402137,I,POBLACION-A,XI,110000000
DAVAO DEL SUR,112400000,DAVAO CITY,112402000,BARANGAY 5-A (POB.),112402138,I,POBLACION-A,XI,110000000
DAVAO DEL SUR,112400000,DAVAO CITY,112402000,BARANGAY 6-A (POB.),112402139,I,POBLACION-A,XI,110000000
DAVAO DEL SUR,112400000,DAVAO CITY,112402000,BARANGAY 7-A (POB.),112402140,I,POBLACION-A,XI,110000000
DAVAO DEL SUR,112400000,DAVAO CITY,112402000,BARANGAY 8-A (POB.),112402141,I,POBLACION-A,XI,110000000
DAVAO DEL SUR,112400000,DAVAO CITY,112402000,BARANGAY 9-A (POB.),112402142,I,POBLACION-A,XI,110000000
DAVAO DEL SUR,112400000,DAVAO CITY,112402000,BARANGAY 10-A (POB.),112402143,I,POBLACION-A,XI,110000000
DAVAO DEL SUR,112400000,DAVAO CITY,112402000,BARANGAY 11-B (POB.),112402144,I,POBLACION-A,XI,110000000
DAVAO DEL SUR,112400000,DAVAO CITY,112402000,BARANGAY 12-B (POB.),112402145,I,POBLACION-A,XI,110000000
DAVAO DEL SUR,112400000,DAVAO CITY,112402000,BARANGAY 13-B (POB.),112402146,I,POBLACION-A,XI,110000000
DAVAO DEL SUR,112400000,DAVAO CITY,112402000,BARANGAY 14-B (POB.),112402147,I,POBLACION-A,XI,110000000
DAVAO DEL SUR,112400000,DAVAO CITY,112402000,BARANGAY 15-B (POB.),112402148,I,POBLACION-A,XI,110000000
DAVAO DEL SUR,112400000,DAVAO CITY,112402000,BARANGAY 16-B (POB.),112402149,I,POBLACION-A,XI,110000000
DAVAO DEL SUR,112400000,DAVAO CITY,112402000,BARANGAY 17-B (POB.),112402150,I,POBLACION-A,XI,110000000
DAVAO DEL SUR,112400000,DAVAO CITY,112402000,BARANGAY 18-B (POB.),112402151,I,POBLACION-A,XI,110000000
DAVAO DEL SUR,112400000,DAVAO CITY,112402000,BARANGAY 19-B (POB.),112402152,I,POBLACION-A,XI,110000000
DAVAO DEL SUR,112400000,DAVAO CITY,112402000,BARANGAY 20-B (POB.),112402153,I,POBLACION-A,XI,110000000
DAVAO DEL SUR,112400000,DAVAO CITY,112402000,BARANGAY 21-C (POB.),112402154,I,POBLACION-B,XI,110000000
DAVAO DEL SUR,112400000,DAVAO CITY,112402000,BARANGAY 22-C (POB.),112402155,I,POBLACION-B,XI,110000000
DAVAO DEL SUR,112400000,DAVAO CITY,112402000,BARANGAY 23-C (POB.),112402156,I,POBLACION-B,XI,110000000
DAVAO DEL SUR,112400000,DAVAO CITY,112402000,BARANGAY 24-C (POB.),112402157,I,POBLACION-B,XI,110000000
DAVAO DEL SUR,112400000,DAVAO CITY,112402000,BARANGAY 25-C (POB.),112402158,I,POBLACION-B,XI,110000000
DAVAO DEL SUR,112400000,DAVAO CITY,112402000,BARANGAY 26-C (POB.),112402159,I,POBLACION-B,XI,110000000
DAVAO DEL SUR,112400000,DAVAO CITY,112402000,BARANGAY 27-C (POB.),112402160,I,POBLACION-B,XI,110000000
DAVAO DEL SUR,112400000,DAVAO CITY,112402000,BARANGAY 28-C (POB.),112402161,I,POBLACION-B,XI,110000000
DAVAO DEL SUR,112400000,DAVAO CITY,112402000,BARANGAY 29-C (POB.),112402162,I,POBLACION-B,XI,110000000
DAVAO DEL SUR,112400000,DAVAO CITY,112402000,BARANGAY 30-C (POB.),112402163,I,POBLACION-B,XI,110000000
DAVAO DEL SUR,112400000,DAVAO CITY,112402000,BARANGAY 31-D (POB.),112402164,I,POBLACION-B,XI,110000000
DAVAO DEL SUR,112400000,DAVAO CITY,112402000,BARANGAY 32-D (POB.),112402165,I,POBLACION-B,XI,110000000
DAVAO DEL SUR,112400000,DAVAO CITY,112402000,BARANGAY 33-D (POB.),112402166,I,POBLACION-B,XI,110000000
DAVAO DEL SUR,112400000,DAVAO CITY,112402000,BARANGAY 34-D (POB.),112402167,I,POBLACION-B,XI,110000000
DAVAO DEL SUR,112400000,DAVAO CITY,112402000,BARANGAY 35-D (POB.),112402168,I,POBLACION-B,XI,110000000
DAVAO DEL SUR,112400000,DAVAO CITY,112402000,BARANGAY 36-D (POB.),112402169,I,POBLACION-B,XI,110000000
DAVAO DEL SUR,112400000,DAVAO CITY,112402000,BARANGAY 37-D (POB.),112402170,I,POBLACION-B,XI,110000000
DAVAO DEL SUR,112400000,DAVAO CITY,112402000,BARANGAY 38-D (POB.),112402171,I,POBLACION-B,XI,110000000
DAVAO DEL SUR,112400000,DAVAO CITY,112402000,BARANGAY 39-D (POB.),112402172,I,POBLACION-B,XI,110000000
DAVAO DEL SUR,112400000,DAVAO CITY,112402000,BARANGAY 40-D (POB.),112402173,I,POBLACION-B,XI,110000000
DAVAO DEL SUR,112400000,DAVAO CITY,112402000,ANGALAN,112402174,III,TUGBOK,XI,110000000
DAVAO DEL SUR,112400000,DAVAO CITY,112402000,BAGANIHAN,112402175,III,MARILOG,XI,110000000
DAVAO DEL SUR,112400000,DAVAO CITY,112402000,BAGO APLAYA,112402176,I,TALOMO-B,XI,110000000
DAVAO DEL SUR,112400000,DAVAO CITY,112402000,BANTOL,112402177,III,MARILOG,XI,110000000
DAVAO DEL SUR,112400000,DAVAO CITY,112402000,BUDA,112402178,III,MARILOG,XI,110000000
DAVAO DEL SUR,112400000,DAVAO CITY,112402000,CENTRO (SAN JUAN),112402179,II,AGDAO,XI,110000000
DAVAO DEL SUR,112400000,DAVAO CITY,112402000,DATU SALUMAY,112402180,III,MARILOG,XI,110000000
DAVAO DEL SUR,112400000,DAVAO CITY,112402000,GOV. PACIANO BANGOY,112402181,II,AGDAO,XI,110000000
DAVAO DEL SUR,112400000,DAVAO CITY,112402000,GOV. VICENTE DUTERTE,112402182,II,AGDAO,XI,110000000
DAVAO DEL SUR,112400000,DAVAO CITY,112402000,GUMITAN,112402183,III,MARILOG,XI,110000000
DAVAO DEL SUR,112400000,DAVAO CITY,112402000,INAYANGAN,112402184,III,CALINAN,XI,110000000
DAVAO DEL SUR,112400000,DAVAO CITY,112402000,"KAP. TOMAS MONTEVERDE, SR.",112402185,II,AGDAO,XI,110000000
DAVAO DEL SUR,112400000,DAVAO CITY,112402000,LAPU-LAPU,112402186,II,AGDAO,XI,110000000
DAVAO DEL SUR,112400000,DAVAO CITY,112402000,"LEON GARCIA, SR.",112402187,II,AGDAO,XI,110000000
DAVAO DEL SUR,112400000,DAVAO CITY,112402000,MAGSAYSAY,112402188,III,MARILOG,XI,110000000
DAVAO DEL SUR,112400000,DAVAO CITY,112402000,MEGKAWAYAN,112402189,III,CALINAN,XI,110000000
DAVAO DEL SUR,112400000,DAVAO CITY,112402000,RAFAEL CASTILLO,112402190,II,AGDAO,XI,110000000
DAVAO DEL SUR,112400000,DAVAO CITY,112402000,SALOY,112402191,III,CALINAN,XI,110000000
DAVAO DEL SUR,112400000,DAVAO CITY,112402000,SAN ANTONIO,112402192,II,AGDAO,XI,110000000
DAVAO DEL SUR,112400000,DAVAO CITY,112402000,SANTO NIÑO,112402193,III,TUGBOK,XI,110000000
DAVAO DEL SUR,112400000,DAVAO CITY,112402000,UBALDE,112402194,II,AGDAO,XI,110000000
DAVAO DEL SUR,112400000,DAVAO CITY,112402000,WAAN,112402195,II,BUHANGIN-A,XI,110000000
DAVAO DEL SUR,112400000,DAVAO CITY,112402000,WILFREDO AQUINO,112402196,II,AGDAO,XI,110000000
DAVAO DEL SUR,112400000,DAVAO CITY,112402000,ALFONSO ANGLIONGTO SR.,112402197,II,BUHANGIN-B,XI,110000000
DAVAO DEL SUR,112400000,DAVAO CITY,112402000,VICENTE HIZON SR.,112402198,II,BUHANGIN-B,XI,110000000
DAVAO DEL SUR,112400000,CITY OF DIGOS (Capital),112403000,APLAYA,112403001,,,XI,110000000
DAVAO DEL SUR,112400000,CITY OF DIGOS (Capital),112403000,BALABAG,112403002,,,XI,110000000
DAVAO DEL SUR,112400000,CITY OF DIGOS (Capital),112403000,SAN JOSE (BALUTAKAY),112403003,,,XI,110000000
DAVAO DEL SUR,112400000,CITY OF DIGOS (Capital),112403000,BINATON,112403004,,,XI,110000000
DAVAO DEL SUR,112400000,CITY OF DIGOS (Capital),112403000,COGON,112403005,,,XI,110000000
DAVAO DEL SUR,112400000,CITY OF DIGOS (Capital),112403000,COLORADO,112403006,,,XI,110000000
DAVAO DEL SUR,112400000,CITY OF DIGOS (Capital),112403000,DAWIS,112403007,,,XI,110000000
DAVAO DEL SUR,112400000,CITY OF DIGOS (Capital),112403000,DULANGAN,112403008,,,XI,110000000
DAVAO DEL SUR,112400000,CITY OF DIGOS (Capital),112403000,GOMA,112403009,,,XI,110000000
DAVAO DEL SUR,112400000,CITY OF DIGOS (Capital),112403000,IGPIT,112403010,,,XI,110000000
DAVAO DEL SUR,112400000,CITY OF DIGOS (Capital),112403000,KIAGOT,112403011,,,XI,110000000
DAVAO DEL SUR,112400000,CITY OF DIGOS (Capital),112403000,LUNGAG,112403012,,,XI,110000000
DAVAO DEL SUR,112400000,CITY OF DIGOS (Capital),112403000,MAHAYAHAY,112403013,,,XI,110000000
DAVAO DEL SUR,112400000,CITY OF DIGOS (Capital),112403000,MATTI,112403014,,,XI,110000000
DAVAO DEL SUR,112400000,CITY OF DIGOS (Capital),112403000,KAPATAGAN (RIZAL),112403019,,,XI,110000000
DAVAO DEL SUR,112400000,CITY OF DIGOS (Capital),112403000,RUPARAN,112403020,,,XI,110000000
DAVAO DEL SUR,112400000,CITY OF DIGOS (Capital),112403000,SAN AGUSTIN,112403021,,,XI,110000000
DAVAO DEL SUR,112400000,CITY OF DIGOS (Capital),112403000,SAN MIGUEL (ODACA),112403022,,,XI,110000000
DAVAO DEL SUR,112400000,CITY OF DIGOS (Capital),112403000,SAN ROQUE,112403023,,,XI,110000000
DAVAO DEL SUR,112400000,CITY OF DIGOS (Capital),112403000,SINAWILAN,112403024,,,XI,110000000
DAVAO DEL SUR,112400000,CITY OF DIGOS (Capital),112403000,SOONG,112403025,,,XI,110000000
DAVAO DEL SUR,112400000,CITY OF DIGOS (Capital),112403000,TIGUMAN,112403026,,,XI,110000000
DAVAO DEL SUR,112400000,CITY OF DIGOS (Capital),112403000,TRES DE MAYO,112403027,,,XI,110000000
DAVAO DEL SUR,112400000,CITY OF DIGOS (Capital),112403000,ZONE 1 (POB.),112403028,,,XI,110000000
DAVAO DEL SUR,112400000,CITY OF DIGOS (Capital),112403000,ZONE 2 (POB.),112403029,,,XI,110000000
DAVAO DEL SUR,112400000,CITY OF DIGOS (Capital),112403000,ZONE 3 (POB.),112403030,,,XI,110000000
DAVAO DEL SUR,112400000,BANSALAN,112401000,ALEGRE,112401001,,,XI,110000000
DAVAO DEL SUR,112400000,BANSALAN,112401000,ALTA VISTA,112401002,,,XI,110000000
DAVAO DEL SUR,112400000,BANSALAN,112401000,ANONANG,112401003,,,XI,110000000
DAVAO DEL SUR,112400000,BANSALAN,112401000,BITAUG,112401004,,,XI,110000000
DAVAO DEL SUR,112400000,BANSALAN,112401000,BONIFACIO,112401005,,,XI,110000000
DAVAO DEL SUR,112400000,BANSALAN,112401000,BUENAVISTA,112401006,,,XI,110000000
DAVAO DEL SUR,112400000,BANSALAN,112401000,DARAPUAY,112401007,,,XI,110000000
DAVAO DEL SUR,112400000,BANSALAN,112401000,DOLO,112401008,,,XI,110000000
DAVAO DEL SUR,112400000,BANSALAN,112401000,EMAN,112401009,,,XI,110000000
DAVAO DEL SUR,112400000,BANSALAN,112401000,KINUSKUSAN,112401010,,,XI,110000000
DAVAO DEL SUR,112400000,BANSALAN,112401000,LIBERTAD,112401011,,,XI,110000000
DAVAO DEL SUR,112400000,BANSALAN,112401000,LINAWAN,112401012,,,XI,110000000
DAVAO DEL SUR,112400000,BANSALAN,112401000,MABUHAY,112401013,,,XI,110000000
DAVAO DEL SUR,112400000,BANSALAN,112401000,MABUNGA,112401014,,,XI,110000000
DAVAO DEL SUR,112400000,BANSALAN,112401000,MANAGA,112401015,,,XI,110000000
DAVAO DEL SUR,112400000,BANSALAN,112401000,MARBER,112401016,,,XI,110000000
DAVAO DEL SUR,112400000,BANSALAN,112401000,NEW CLARIN (MIRAL),112401017,,,XI,110000000
DAVAO DEL SUR,112400000,BANSALAN,112401000,POBLACION,112401018,,,XI,110000000
DAVAO DEL SUR,112400000,BANSALAN,112401000,RIZAL,112401019,,,XI,110000000
DAVAO DEL SUR,112400000,BANSALAN,112401000,SANTO NIÑO,112401020,,,XI,110000000
DAVAO DEL SUR,112400000,BANSALAN,112401000,SIBAYAN,112401021,,,XI,110000000
DAVAO DEL SUR,112400000,BANSALAN,112401000,TINONGTONGAN,112401022,,,XI,110000000
DAVAO DEL SUR,112400000,BANSALAN,112401000,TUBOD,112401023,,,XI,110000000
DAVAO DEL SUR,112400000,BANSALAN,112401000,UNION,112401024,,,XI,110000000
DAVAO DEL SUR,112400000,BANSALAN,112401000,POBLACION DOS,112401025,,,XI,110000000
DAVAO DEL SUR,112400000,HAGONOY,112404000,BALUTAKAY,112404002,,,XI,110000000
DAVAO DEL SUR,112400000,HAGONOY,112404000,CLIB,112404005,,,XI,110000000
DAVAO DEL SUR,112400000,HAGONOY,112404000,GUIHING APLAYA,112404006,,,XI,110000000
DAVAO DEL SUR,112400000,HAGONOY,112404000,GUIHING,112404007,,,XI,110000000
DAVAO DEL SUR,112400000,HAGONOY,112404000,HAGONOY CROSSING,112404008,,,XI,110000000
DAVAO DEL SUR,112400000,HAGONOY,112404000,KIBUAYA,112404009,,,XI,110000000
DAVAO DEL SUR,112400000,HAGONOY,112404000,LA UNION,112404010,,,XI,110000000
DAVAO DEL SUR,112400000,HAGONOY,112404000,LANURO,112404011,,,XI,110000000
DAVAO DEL SUR,112400000,HAGONOY,112404000,LAPULABAO,112404012,,,XI,110000000
DAVAO DEL SUR,112400000,HAGONOY,112404000,LELING,112404013,,,XI,110000000
DAVAO DEL SUR,112400000,HAGONOY,112404000,MAHAYAHAY,112404014,,,XI,110000000
DAVAO DEL SUR,112400000,HAGONOY,112404000,MALABANG DAMSITE,112404017,,,XI,110000000
DAVAO DEL SUR,112400000,HAGONOY,112404000,MALIIT DIGOS,112404018,,,XI,110000000
DAVAO DEL SUR,112400000,HAGONOY,112404000,NEW QUEZON,112404019,,,XI,110000000
DAVAO DEL SUR,112400000,HAGONOY,112404000,PALIGUE,112404020,,,XI,110000000
DAVAO DEL SUR,112400000,HAGONOY,112404000,POBLACION,112404021,,,XI,110000000
DAVAO DEL SUR,112400000,HAGONOY,112404000,SACUB,112404022,,,XI,110000000
DAVAO DEL SUR,112400000,HAGONOY,112404000,SAN GUILLERMO,112404023,,,XI,110000000
DAVAO DEL SUR,112400000,HAGONOY,112404000,SAN ISIDRO,112404024,,,XI,110000000
DAVAO DEL SUR,112400000,HAGONOY,112404000,SINAYAWAN,112404025,,,XI,110000000
DAVAO DEL SUR,112400000,HAGONOY,112404000,TOLOGAN,112404026,,,XI,110000000
DAVAO DEL SUR,112400000,KIBLAWAN,112406000,ABNATE,112406001,,,XI,110000000
DAVAO DEL SUR,112400000,KIBLAWAN,112406000,BAGONG NEGROS,112406002,,,XI,110000000
DAVAO DEL SUR,112400000,KIBLAWAN,112406000,BAGONG SILANG,112406003,,,XI,110000000
DAVAO DEL SUR,112400000,KIBLAWAN,112406000,BAGUMBAYAN,112406004,,,XI,110000000
DAVAO DEL SUR,112400000,KIBLAWAN,112406000,BALASIAO,112406005,,,XI,110000000
DAVAO DEL SUR,112400000,KIBLAWAN,112406000,BONIFACIO,112406007,,,XI,110000000
DAVAO DEL SUR,112400000,KIBLAWAN,112406000,BUNOT,112406008,,,XI,110000000
DAVAO DEL SUR,112400000,KIBLAWAN,112406000,COGON-BACACA,112406009,,,XI,110000000
DAVAO DEL SUR,112400000,KIBLAWAN,112406000,DAPOK,112406010,,,XI,110000000
DAVAO DEL SUR,112400000,KIBLAWAN,112406000,IHAN,112406011,,,XI,110000000
DAVAO DEL SUR,112400000,KIBLAWAN,112406000,KIBONGBONG,112406012,,,XI,110000000
DAVAO DEL SUR,112400000,KIBLAWAN,112406000,KIMLAWIS,112406013,,,XI,110000000
DAVAO DEL SUR,112400000,KIBLAWAN,112406000,KISULAN,112406015,,,XI,110000000
DAVAO DEL SUR,112400000,KIBLAWAN,112406000,LATI-AN,112406016,,,XI,110000000
DAVAO DEL SUR,112400000,KIBLAWAN,112406000,MANUAL,112406017,,,XI,110000000
DAVAO DEL SUR,112400000,KIBLAWAN,112406000,MARAGA-A,112406018,,,XI,110000000
DAVAO DEL SUR,112400000,KIBLAWAN,112406000,MOLOPOLO,112406019,,,XI,110000000
DAVAO DEL SUR,112400000,KIBLAWAN,112406000,NEW SIBONGA,112406020,,,XI,110000000
DAVAO DEL SUR,112400000,KIBLAWAN,112406000,PANAGLIB,112406021,,,XI,110000000
DAVAO DEL SUR,112400000,KIBLAWAN,112406000,PASIG,112406022,,,XI,110000000
DAVAO DEL SUR,112400000,KIBLAWAN,112406000,POBLACION,112406023,,,XI,110000000
DAVAO DEL SUR,112400000,KIBLAWAN,112406000,POCALEEL,112406024,,,XI,110000000
DAVAO DEL SUR,112400000,KIBLAWAN,112406000,SAN ISIDRO,112406025,,,XI,110000000
DAVAO DEL SUR,112400000,KIBLAWAN,112406000,SAN JOSE,112406026,,,XI,110000000
DAVAO DEL SUR,112400000,KIBLAWAN,112406000,SAN PEDRO,112406027,,,XI,110000000
DAVAO DEL SUR,112400000,KIBLAWAN,112406000,SANTO NIÑO,112406028,,,XI,110000000
DAVAO DEL SUR,112400000,KIBLAWAN,112406000,TACUB,112406029,,,XI,110000000
DAVAO DEL SUR,112400000,KIBLAWAN,112406000,TACUL,112406030,,,XI,110000000
DAVAO DEL SUR,112400000,KIBLAWAN,112406000,WATERFALL,112406031,,,XI,110000000
DAVAO DEL SUR,112400000,KIBLAWAN,112406000,BULOL-SALO,112406032,,,XI,110000000
DAVAO DEL SUR,112400000,MAGSAYSAY,112407000,BACUNGAN,112407001,,,XI,110000000
DAVAO DEL SUR,112400000,MAGSAYSAY,112407000,BALNATE,112407002,,,XI,110000000
DAVAO DEL SUR,112400000,MAGSAYSAY,112407000,BARAYONG,112407003,,,XI,110000000
DAVAO DEL SUR,112400000,MAGSAYSAY,112407000,BLOCON,112407004,,,XI,110000000
DAVAO DEL SUR,112400000,MAGSAYSAY,112407000,DALAWINON,112407005,,,XI,110000000
DAVAO DEL SUR,112400000,MAGSAYSAY,112407000,DALUMAY,112407006,,,XI,110000000
DAVAO DEL SUR,112400000,MAGSAYSAY,112407000,GLAMANG,112407007,,,XI,110000000
DAVAO DEL SUR,112400000,MAGSAYSAY,112407000,KANAPULO,112407008,,,XI,110000000
DAVAO DEL SUR,112400000,MAGSAYSAY,112407000,KASUGA,112407009,,,XI,110000000
DAVAO DEL SUR,112400000,MAGSAYSAY,112407000,LOWER BALA,112407010,,,XI,110000000
DAVAO DEL SUR,112400000,MAGSAYSAY,112407000,MABINI,112407011,,,XI,110000000
DAVAO DEL SUR,112400000,MAGSAYSAY,112407000,MALAWANIT,112407012,,,XI,110000000
DAVAO DEL SUR,112400000,MAGSAYSAY,112407000,MALONGON,112407013,,,XI,110000000
DAVAO DEL SUR,112400000,MAGSAYSAY,112407000,NEW ILOCOS,112407014,,,XI,110000000
DAVAO DEL SUR,112400000,MAGSAYSAY,112407000,POBLACION,112407015,,,XI,110000000
DAVAO DEL SUR,112400000,MAGSAYSAY,112407000,SAN ISIDRO,112407016,,,XI,110000000
DAVAO DEL SUR,112400000,MAGSAYSAY,112407000,SAN MIGUEL,112407017,,,XI,110000000
DAVAO DEL SUR,112400000,MAGSAYSAY,112407000,TACUL,112407018,,,XI,110000000
DAVAO DEL SUR,112400000,MAGSAYSAY,112407000,TAGAYTAY,112407019,,,XI,110000000
DAVAO DEL SUR,112400000,MAGSAYSAY,112407000,UPPER BALA,112407020,,,XI,110000000
DAVAO DEL SUR,112400000,MAGSAYSAY,112407000,MAIBO,112407021,,,XI,110000000
DAVAO DEL SUR,112400000,MAGSAYSAY,112407000,NEW OPON,112407022,,,XI,110000000
DAVAO DEL SUR,112400000,MALALAG,112408000,BAYBAY,112408002,,,XI,110000000
DAVAO DEL SUR,112400000,MALALAG,112408000,BOLTON,112408004,,,XI,110000000
DAVAO DEL SUR,112400000,MALALAG,112408000,BULACAN,112408005,,,XI,110000000
DAVAO DEL SUR,112400000,MALALAG,112408000,CAPUTIAN,112408006,,,XI,110000000
DAVAO DEL SUR,112400000,MALALAG,112408000,IBO,112408007,,,XI,110000000
DAVAO DEL SUR,112400000,MALALAG,112408000,KIBLAGON,112408009,,,XI,110000000
DAVAO DEL SUR,112400000,MALALAG,112408000,LAPU-LAPU (LAPLA),112408010,,,XI,110000000
DAVAO DEL SUR,112400000,MALALAG,112408000,MABINI,112408011,,,XI,110000000
DAVAO DEL SUR,112400000,MALALAG,112408000,NEW BACLAYON,112408014,,,XI,110000000
DAVAO DEL SUR,112400000,MALALAG,112408000,PITU,112408015,,,XI,110000000
DAVAO DEL SUR,112400000,MALALAG,112408000,POBLACION,112408016,,,XI,110000000
DAVAO DEL SUR,112400000,MALALAG,112408000,TAGANSULE,112408018,,,XI,110000000
DAVAO DEL SUR,112400000,MALALAG,112408000,BAGUMBAYAN,112408019,,,XI,110000000
DAVAO DEL SUR,112400000,MALALAG,112408000,RIZAL (PARAME),112408020,,,XI,110000000
DAVAO DEL SUR,112400000,MALALAG,112408000,SAN ISIDRO,112408021,,,XI,110000000
DAVAO DEL SUR,112400000,MATANAO,112410000,ASBANG,112410001,,,XI,110000000
DAVAO DEL SUR,112400000,MATANAO,112410000,ASINAN,112410002,,,XI,110000000
DAVAO DEL SUR,112400000,MATANAO,112410000,BAGUMBAYAN,112410003,,,XI,110000000
DAVAO DEL SUR,112400000,MATANAO,112410000,BANGKAL,112410004,,,XI,110000000
DAVAO DEL SUR,112400000,MATANAO,112410000,BUAS,112410005,,,XI,110000000
DAVAO DEL SUR,112400000,MATANAO,112410000,BURI,112410006,,,XI,110000000
DAVAO DEL SUR,112400000,MATANAO,112410000,CAMANCHILES,112410007,,,XI,110000000
DAVAO DEL SUR,112400000,MATANAO,112410000,CEBOZA,112410008,,,XI,110000000
DAVAO DEL SUR,112400000,MATANAO,112410000,COLONSABAK,112410009,,,XI,110000000
DAVAO DEL SUR,112400000,MATANAO,112410000,DONGAN-PEKONG,112410010,,,XI,110000000
DAVAO DEL SUR,112400000,MATANAO,112410000,KABASAGAN,112410012,,,XI,110000000
DAVAO DEL SUR,112400000,MATANAO,112410000,KAPOK,112410013,,,XI,110000000
DAVAO DEL SUR,112400000,MATANAO,112410000,KAUSWAGAN,112410014,,,XI,110000000
DAVAO DEL SUR,112400000,MATANAO,112410000,KIBAO,112410015,,,XI,110000000
DAVAO DEL SUR,112400000,MATANAO,112410000,LA SUERTE,112410016,,,XI,110000000
DAVAO DEL SUR,112400000,MATANAO,112410000,LANGA-AN,112410017,,,XI,110000000
DAVAO DEL SUR,112400000,MATANAO,112410000,LOWER MARBER,112410019,,,XI,110000000
DAVAO DEL SUR,112400000,MATANAO,112410000,CABLIGAN (MANAGA),112410021,,,XI,110000000
DAVAO DEL SUR,112400000,MATANAO,112410000,MANGA,112410022,,,XI,110000000
DAVAO DEL SUR,112400000,MATANAO,112410000,NEW KATIPUNAN,112410023,,,XI,110000000
DAVAO DEL SUR,112400000,MATANAO,112410000,NEW MURCIA,112410024,,,XI,110000000
DAVAO DEL SUR,112400000,MATANAO,112410000,NEW VISAYAS,112410025,,,XI,110000000
DAVAO DEL SUR,112400000,MATANAO,112410000,POBLACION,112410026,,,XI,110000000
DAVAO DEL SUR,112400000,MATANAO,112410000,SABOY,112410027,,,XI,110000000
DAVAO DEL SUR,112400000,MATANAO,112410000,SAN JOSE,112410028,,,XI,110000000
DAVAO DEL SUR,112400000,MATANAO,112410000,SAN MIGUEL,112410029,,,XI,110000000
DAVAO DEL SUR,112400000,MATANAO,112410000,SAN VICENTE,112410030,,,XI,110000000
DAVAO DEL SUR,112400000,MATANAO,112410000,SAUB,112410031,,,XI,110000000
DAVAO DEL SUR,112400000,MATANAO,112410000,SINARAGAN,112410032,,,XI,110000000
DAVAO DEL SUR,112400000,MATANAO,112410000,SINAWILAN,112410033,,,XI,110000000
DAVAO DEL SUR,112400000,MATANAO,112410000,TAMLANGON,112410034,,,XI,110000000
DAVAO DEL SUR,112400000,MATANAO,112410000,TOWAK,112410035,,,XI,110000000
DAVAO DEL SUR,112400000,MATANAO,112410000,TIBONGBONG,112410036,,,XI,110000000
DAVAO DEL SUR,112400000,PADADA,112411000,ALMENDRAS (POB.),112411001,,,XI,110000000
DAVAO DEL SUR,112400000,PADADA,112411000,"DON SERGIO OSMEÑA, SR.",112411002,,,XI,110000000
DAVAO DEL SUR,112400000,PADADA,112411000,HARADA BUTAI,112411003,,,XI,110000000
DAVAO DEL SUR,112400000,PADADA,112411000,LOWER KATIPUNAN,112411004,,,XI,110000000
DAVAO DEL SUR,112400000,PADADA,112411000,LOWER LIMONZO,112411005,,,XI,110000000
DAVAO DEL SUR,112400000,PADADA,112411000,LOWER MALINAO,112411006,,,XI,110000000
DAVAO DEL SUR,112400000,PADADA,112411000,N C ORDANEZA DISTRICT (POB.),112411007,,,XI,110000000
DAVAO DEL SUR,112400000,PADADA,112411000,NORTHERN PALIGUE,112411008,,,XI,110000000
DAVAO DEL SUR,112400000,PADADA,112411000,PALILI,112411009,,,XI,110000000
DAVAO DEL SUR,112400000,PADADA,112411000,PIAPE,112411010,,,XI,110000000
DAVAO DEL SUR,112400000,PADADA,112411000,PUNTA PIAPE,112411011,,,XI,110000000
DAVAO DEL SUR,112400000,PADADA,112411000,QUIRINO DISTRICT (POB.),112411012,,,XI,110000000
DAVAO DEL SUR,112400000,PADADA,112411000,SAN ISIDRO,112411013,,,XI,110000000
DAVAO DEL SUR,112400000,PADADA,112411000,SOUTHERN PALIGUE,112411014,,,XI,110000000
DAVAO DEL SUR,112400000,PADADA,112411000,TULOGAN,112411015,,,XI,110000000
DAVAO DEL SUR,112400000,PADADA,112411000,UPPER LIMONZO,112411016,,,XI,110000000
DAVAO DEL SUR,112400000,PADADA,112411000,UPPER MALINAO,112411017,,,XI,110000000
DAVAO DEL SUR,112400000,SANTA CRUZ,112412000,ASTORGA,112412001,,,XI,110000000
DAVAO DEL SUR,112400000,SANTA CRUZ,112412000,BATO,112412002,,,XI,110000000
DAVAO DEL SUR,112400000,SANTA CRUZ,112412000,CORONON,112412003,,,XI,110000000
DAVAO DEL SUR,112400000,SANTA CRUZ,112412000,DARONG,112412004,,,XI,110000000
DAVAO DEL SUR,112400000,SANTA CRUZ,112412000,INAWAYAN,112412005,,,XI,110000000
DAVAO DEL SUR,112400000,SANTA CRUZ,112412000,JOSE RIZAL,112412006,,,XI,110000000
DAVAO DEL SUR,112400000,SANTA CRUZ,112412000,MATUTUNGAN,112412009,,,XI,110000000
DAVAO DEL SUR,112400000,SANTA CRUZ,112412000,MELILIA,112412010,,,XI,110000000
DAVAO DEL SUR,112400000,SANTA CRUZ,112412000,ZONE I (POB.),112412011,,,XI,110000000
DAVAO DEL SUR,112400000,SANTA CRUZ,112412000,SALIDUCON,112412013,,,XI,110000000
DAVAO DEL SUR,112400000,SANTA CRUZ,112412000,SIBULAN,112412014,,,XI,110000000
DAVAO DEL SUR,112400000,SANTA CRUZ,112412000,SINORON,112412015,,,XI,110000000
DAVAO DEL SUR,112400000,SANTA CRUZ,112412000,TAGABULI,112412016,,,XI,110000000
DAVAO DEL SUR,112400000,SANTA CRUZ,112412000,TIBOLO,112412017,,,XI,110000000
DAVAO DEL SUR,112400000,SANTA CRUZ,112412000,TUBAN,112412018,,,XI,110000000
DAVAO DEL SUR,112400000,SANTA CRUZ,112412000,ZONE II (POB.),112412019,,,XI,110000000
DAVAO DEL SUR,112400000,SANTA CRUZ,112412000,ZONE III (POB.),112412020,,,XI,110000000
DAVAO DEL SUR,112400000,SANTA CRUZ,112412000,ZONE IV (POB.),112412021,,,XI,110000000
DAVAO DEL SUR,112400000,SULOP,112414000,BALASINON,112414001,,,XI,110000000
DAVAO DEL SUR,112400000,SULOP,112414000,BUGUIS,112414002,,,XI,110000000
DAVAO DEL SUR,112400000,SULOP,112414000,CARRE,112414003,,,XI,110000000
DAVAO DEL SUR,112400000,SULOP,112414000,CLIB,112414004,,,XI,110000000
DAVAO DEL SUR,112400000,SULOP,112414000,HARADA BUTAI,112414005,,,XI,110000000
DAVAO DEL SUR,112400000,SULOP,112414000,KATIPUNAN,112414006,,,XI,110000000
DAVAO DEL SUR,112400000,SULOP,112414000,KIBLAGON,112414007,,,XI,110000000
DAVAO DEL SUR,112400000,SULOP,112414000,LABON,112414008,,,XI,110000000
DAVAO DEL SUR,112400000,SULOP,112414000,LAPERAS,112414009,,,XI,110000000
DAVAO DEL SUR,112400000,SULOP,112414000,LAPLA,112414010,,,XI,110000000
DAVAO DEL SUR,112400000,SULOP,112414000,LITOS,112414011,,,XI,110000000
DAVAO DEL SUR,112400000,SULOP,112414000,LUPARAN,112414012,,,XI,110000000
DAVAO DEL SUR,112400000,SULOP,112414000,MCKINLEY,112414013,,,XI,110000000
DAVAO DEL SUR,112400000,SULOP,112414000,NEW CEBU,112414014,,,XI,110000000
DAVAO DEL SUR,112400000,SULOP,112414000,OSMEÑA,112414015,,,XI,110000000
DAVAO DEL SUR,112400000,SULOP,112414000,PALILI,112414016,,,XI,110000000
DAVAO DEL SUR,112400000,SULOP,112414000,PARAME,112414017,,,XI,110000000
DAVAO DEL SUR,112400000,SULOP,112414000,POBLACION,112414018,,,XI,110000000
DAVAO DEL SUR,112400000,SULOP,112414000,ROXAS,112414020,,,XI,110000000
DAVAO DEL SUR,112400000,SULOP,112414000,SOLONGVALE,112414021,,,XI,110000000
DAVAO DEL SUR,112400000,SULOP,112414000,TAGOLILONG,112414022,,,XI,110000000
DAVAO DEL SUR,112400000,SULOP,112414000,TALA-O,112414023,,,XI,110000000
DAVAO DEL SUR,112400000,SULOP,112414000,TALAS,112414024,,,XI,110000000
DAVAO DEL SUR,112400000,SULOP,112414000,TANWALANG,112414025,,,XI,110000000
DAVAO DEL SUR,112400000,SULOP,112414000,WATERFALL,112414026,,,XI,110000000
DAVAO ORIENTAL,112500000,CITY OF MATI (Capital),112509000,BADAS,112509001,II,,XI,110000000
DAVAO ORIENTAL,112500000,CITY OF MATI (Capital),112509000,BOBON,112509002,II,,XI,110000000
DAVAO ORIENTAL,112500000,CITY OF MATI (Capital),112509000,BUSO,112509003,II,,XI,110000000
DAVAO ORIENTAL,112500000,CITY OF MATI (Capital),112509000,CABUAYA,112509004,II,,XI,110000000
DAVAO ORIENTAL,112500000,CITY OF MATI (Capital),112509000,CENTRAL (POB.),112509005,II,,XI,110000000
DAVAO ORIENTAL,112500000,CITY OF MATI (Capital),112509000,CULIAN,112509006,II,,XI,110000000
DAVAO ORIENTAL,112500000,CITY OF MATI (Capital),112509000,DAHICAN,112509007,II,,XI,110000000
DAVAO ORIENTAL,112500000,CITY OF MATI (Capital),112509000,DANAO,112509008,II,,XI,110000000
DAVAO ORIENTAL,112500000,CITY OF MATI (Capital),112509000,DAWAN,112509009,II,,XI,110000000
DAVAO ORIENTAL,112500000,CITY OF MATI (Capital),112509000,DON ENRIQUE LOPEZ,112509010,II,,XI,110000000
DAVAO ORIENTAL,112500000,CITY OF MATI (Capital),112509000,DON MARTIN MARUNDAN,112509011,II,,XI,110000000
DAVAO ORIENTAL,112500000,CITY OF MATI (Capital),112509000,"DON SALVADOR LOPEZ, SR.",112509012,II,,XI,110000000
DAVAO ORIENTAL,112500000,CITY OF MATI (Capital),112509000,LANGKA,112509013,II,,XI,110000000
DAVAO ORIENTAL,112500000,CITY OF MATI (Capital),112509000,LAWIGAN,112509015,II,,XI,110000000
DAVAO ORIENTAL,112500000,CITY OF MATI (Capital),112509000,LIBUDON,112509016,II,,XI,110000000
DAVAO ORIENTAL,112500000,CITY OF MATI (Capital),112509000,LUBAN,112509017,II,,XI,110000000
DAVAO ORIENTAL,112500000,CITY OF MATI (Capital),112509000,MACAMBOL,112509018,II,,XI,110000000
DAVAO ORIENTAL,112500000,CITY OF MATI (Capital),112509000,MAMALI,112509019,II,,XI,110000000
DAVAO ORIENTAL,112500000,CITY OF MATI (Capital),112509000,MATIAO,112509020,II,,XI,110000000
DAVAO ORIENTAL,112500000,CITY OF MATI (Capital),112509000,MAYO,112509021,II,,XI,110000000
DAVAO ORIENTAL,112500000,CITY OF MATI (Capital),112509000,SAINZ,112509022,II,,XI,110000000
DAVAO ORIENTAL,112500000,CITY OF MATI (Capital),112509000,SANGHAY,112509023,II,,XI,110000000
DAVAO ORIENTAL,112500000,CITY OF MATI (Capital),112509000,TAGABAKID,112509024,II,,XI,110000000
DAVAO ORIENTAL,112500000,CITY OF MATI (Capital),112509000,TAGBINONGA,112509025,II,,XI,110000000
DAVAO ORIENTAL,112500000,CITY OF MATI (Capital),112509000,TAGUIBO,112509026,II,,XI,110000000
DAVAO ORIENTAL,112500000,CITY OF MATI (Capital),112509000,TAMISAN,112509027,II,,XI,110000000
DAVAO ORIENTAL,112500000,BAGANGA,112501000,BACULIN,112501001,I,,XI,110000000
DAVAO ORIENTAL,112500000,BAGANGA,112501000,BANAO,112501002,I,,XI,110000000
DAVAO ORIENTAL,112500000,BAGANGA,112501000,BATAWAN,112501003,I,,XI,110000000
DAVAO ORIENTAL,112500000,BAGANGA,112501000,BATIANO,112501004,I,,XI,110000000
DAVAO ORIENTAL,112500000,BAGANGA,112501000,BINONDO,112501005,I,,XI,110000000
DAVAO ORIENTAL,112500000,BAGANGA,112501000,BOBONAO,112501006,I,,XI,110000000
DAVAO ORIENTAL,112500000,BAGANGA,112501000,CAMPAWAN,112501007,I,,XI,110000000
DAVAO ORIENTAL,112500000,BAGANGA,112501000,CENTRAL (POB.),112501008,I,,XI,110000000
DAVAO ORIENTAL,112500000,BAGANGA,112501000,DAPNAN,112501009,I,,XI,110000000
DAVAO ORIENTAL,112500000,BAGANGA,112501000,KINABLANGAN,112501010,I,,XI,110000000
DAVAO ORIENTAL,112500000,BAGANGA,112501000,LAMBAJON,112501011,I,,XI,110000000
DAVAO ORIENTAL,112500000,BAGANGA,112501000,MAHANUB,112501012,I,,XI,110000000
DAVAO ORIENTAL,112500000,BAGANGA,112501000,MIKIT,112501013,I,,XI,110000000
DAVAO ORIENTAL,112500000,BAGANGA,112501000,SALINGCOMOT,112501014,I,,XI,110000000
DAVAO ORIENTAL,112500000,BAGANGA,112501000,SAN ISIDRO,112501015,I,,XI,110000000
DAVAO ORIENTAL,112500000,BAGANGA,112501000,SAN VICTOR,112501016,I,,XI,110000000
DAVAO ORIENTAL,112500000,BAGANGA,112501000,LUCOD,112501017,I,,XI,110000000
DAVAO ORIENTAL,112500000,BAGANGA,112501000,SAOQUEGUE,112501018,I,,XI,110000000
DAVAO ORIENTAL,112500000,BANAYBANAY,112502000,CABANGCALAN,112502001,II,,XI,110000000
DAVAO ORIENTAL,112500000,BANAYBANAY,112502000,CAGANGANAN,112502002,II,,XI,110000000
DAVAO ORIENTAL,112500000,BANAYBANAY,112502000,CALUBIHAN,112502003,II,,XI,110000000
DAVAO ORIENTAL,112500000,BANAYBANAY,112502000,CAUSWAGAN,112502004,II,,XI,110000000
DAVAO ORIENTAL,112500000,BANAYBANAY,112502000,PUNTA LINAO,112502005,II,,XI,110000000
DAVAO ORIENTAL,112500000,BANAYBANAY,112502000,MAHAYAG,112502006,II,,XI,110000000
DAVAO ORIENTAL,112500000,BANAYBANAY,112502000,MAPUTI,112502007,II,,XI,110000000
DAVAO ORIENTAL,112500000,BANAYBANAY,112502000,MOGBONGCOGON,112502008,II,,XI,110000000
DAVAO ORIENTAL,112500000,BANAYBANAY,112502000,PANIKIAN,112502009,II,,XI,110000000
DAVAO ORIENTAL,112500000,BANAYBANAY,112502000,PINTATAGAN,112502010,II,,XI,110000000
DAVAO ORIENTAL,112500000,BANAYBANAY,112502000,PISO PROPER,112502011,II,,XI,110000000
DAVAO ORIENTAL,112500000,BANAYBANAY,112502000,POBLACION,112502012,II,,XI,110000000
DAVAO ORIENTAL,112500000,BANAYBANAY,112502000,SAN VICENTE,112502013,II,,XI,110000000
DAVAO ORIENTAL,112500000,BANAYBANAY,112502000,RANG-AY,112502014,II,,XI,110000000
DAVAO ORIENTAL,112500000,BOSTON,112503000,CABASAGAN,112503001,I,,XI,110000000
DAVAO ORIENTAL,112500000,BOSTON,112503000,CAATIHAN,112503002,I,,XI,110000000
DAVAO ORIENTAL,112500000,BOSTON,112503000,CAWAYANAN,112503003,I,,XI,110000000
DAVAO ORIENTAL,112500000,BOSTON,112503000,POBLACION,112503004,I,,XI,110000000
DAVAO ORIENTAL,112500000,BOSTON,112503000,SAN JOSE,112503005,I,,XI,110000000
DAVAO ORIENTAL,112500000,BOSTON,112503000,SIBAJAY,112503006,I,,XI,110000000
DAVAO ORIENTAL,112500000,BOSTON,112503000,CARMEN,112503007,I,,XI,110000000
DAVAO ORIENTAL,112500000,BOSTON,112503000,SIMULAO,112503008,I,,XI,110000000
DAVAO ORIENTAL,112500000,CARAGA,112504000,ALVAR,112504001,I,,XI,110000000
DAVAO ORIENTAL,112500000,CARAGA,112504000,CANINGAG,112504002,I,,XI,110000000
DAVAO ORIENTAL,112500000,CARAGA,112504000,DON LEON BALANTE,112504004,I,,XI,110000000
DAVAO ORIENTAL,112500000,CARAGA,112504000,LAMIAWAN,112504005,I,,XI,110000000
DAVAO ORIENTAL,112500000,CARAGA,112504000,MANORIGAO,112504006,I,,XI,110000000
DAVAO ORIENTAL,112500000,CARAGA,112504000,MERCEDES,112504007,I,,XI,110000000
DAVAO ORIENTAL,112500000,CARAGA,112504000,PALMA GIL,112504008,I,,XI,110000000
DAVAO ORIENTAL,112500000,CARAGA,112504000,PICHON,112504009,I,,XI,110000000
DAVAO ORIENTAL,112500000,CARAGA,112504000,POBLACION,112504010,I,,XI,110000000
DAVAO ORIENTAL,112500000,CARAGA,112504000,SAN ANTONIO,112504011,I,,XI,110000000
DAVAO ORIENTAL,112500000,CARAGA,112504000,SAN JOSE,112504012,I,,XI,110000000
DAVAO ORIENTAL,112500000,CARAGA,112504000,SAN LUIS,112504013,I,,XI,110000000
DAVAO ORIENTAL,112500000,CARAGA,112504000,SAN MIGUEL,112504014,I,,XI,110000000
DAVAO ORIENTAL,112500000,CARAGA,112504000,SAN PEDRO,112504015,I,,XI,110000000
DAVAO ORIENTAL,112500000,CARAGA,112504000,SANTA FE,112504016,I,,XI,110000000
DAVAO ORIENTAL,112500000,CARAGA,112504000,SANTIAGO,112504017,I,,XI,110000000
DAVAO ORIENTAL,112500000,CARAGA,112504000,SOBRECAREY,112504018,I,,XI,110000000
DAVAO ORIENTAL,112500000,CATEEL,112505000,ABIJOD,112505001,I,,XI,110000000
DAVAO ORIENTAL,112500000,CATEEL,112505000,ALEGRIA,112505002,I,,XI,110000000
DAVAO ORIENTAL,112500000,CATEEL,112505000,ALIWAGWAG,112505003,I,,XI,110000000
DAVAO ORIENTAL,112500000,CATEEL,112505000,ARAGON,112505004,I,,XI,110000000
DAVAO ORIENTAL,112500000,CATEEL,112505000,BAYBAY,112505005,I,,XI,110000000
DAVAO ORIENTAL,112500000,CATEEL,112505000,MAGLAHUS,112505009,I,,XI,110000000
DAVAO ORIENTAL,112500000,CATEEL,112505000,MAINIT,112505010,I,,XI,110000000
DAVAO ORIENTAL,112500000,CATEEL,112505000,MALIBAGO,112505011,I,,XI,110000000
DAVAO ORIENTAL,112500000,CATEEL,112505000,SAN ALFONSO,112505012,I,,XI,110000000
DAVAO ORIENTAL,112500000,CATEEL,112505000,SAN ANTONIO,112505013,I,,XI,110000000
DAVAO ORIENTAL,112500000,CATEEL,112505000,SAN MIGUEL,112505014,I,,XI,110000000
DAVAO ORIENTAL,112500000,CATEEL,112505000,SAN RAFAEL,112505015,I,,XI,110000000
DAVAO ORIENTAL,112500000,CATEEL,112505000,SAN VICENTE,112505016,I,,XI,110000000
DAVAO ORIENTAL,112500000,CATEEL,112505000,SANTA FILOMENA,112505017,I,,XI,110000000
DAVAO ORIENTAL,112500000,CATEEL,112505000,TAYTAYAN,112505018,I,,XI,110000000
DAVAO ORIENTAL,112500000,CATEEL,112505000,POBLACION,112505019,I,,XI,110000000
DAVAO ORIENTAL,112500000,GOVERNOR GENEROSO,112506000,ANITAP,112506001,II,,XI,110000000
DAVAO ORIENTAL,112500000,GOVERNOR GENEROSO,112506000,MANUEL ROXAS,112506002,II,,XI,110000000
DAVAO ORIENTAL,112500000,GOVERNOR GENEROSO,112506000,DON AURELIO CHICOTE,112506003,II,,XI,110000000
DAVAO ORIENTAL,112500000,GOVERNOR GENEROSO,112506000,LAVIGAN,112506004,II,,XI,110000000
DAVAO ORIENTAL,112500000,GOVERNOR GENEROSO,112506000,LUZON,112506005,II,,XI,110000000
DAVAO ORIENTAL,112500000,GOVERNOR GENEROSO,112506000,MAGDUG,112506006,II,,XI,110000000
DAVAO ORIENTAL,112500000,GOVERNOR GENEROSO,112506000,MONSERRAT,112506007,II,,XI,110000000
DAVAO ORIENTAL,112500000,GOVERNOR GENEROSO,112506000,NANGAN,112506008,II,,XI,110000000
DAVAO ORIENTAL,112500000,GOVERNOR GENEROSO,112506000,OREGON,112506009,II,,XI,110000000
DAVAO ORIENTAL,112500000,GOVERNOR GENEROSO,112506000,POBLACION,112506010,II,,XI,110000000
DAVAO ORIENTAL,112500000,GOVERNOR GENEROSO,112506000,PUNDAGUITAN,112506011,II,,XI,110000000
DAVAO ORIENTAL,112500000,GOVERNOR GENEROSO,112506000,SERGIO OSMEÑA,112506012,II,,XI,110000000
DAVAO ORIENTAL,112500000,GOVERNOR GENEROSO,112506000,SUROP,112506013,II,,XI,110000000
DAVAO ORIENTAL,112500000,GOVERNOR GENEROSO,112506000,TAGABEBE,112506014,II,,XI,110000000
DAVAO ORIENTAL,112500000,GOVERNOR GENEROSO,112506000,TAMBAN,112506015,II,,XI,110000000
DAVAO ORIENTAL,112500000,GOVERNOR GENEROSO,112506000,TANDANG SORA,112506016,II,,XI,110000000
DAVAO ORIENTAL,112500000,GOVERNOR GENEROSO,112506000,TIBANBAN,112506017,II,,XI,110000000
DAVAO ORIENTAL,112500000,GOVERNOR GENEROSO,112506000,TIBLAWAN,112506018,II,,XI,110000000
DAVAO ORIENTAL,112500000,GOVERNOR GENEROSO,112506000,UPPER TIBANBAN,112506019,II,,XI,110000000
DAVAO ORIENTAL,112500000,GOVERNOR GENEROSO,112506000,CRISPIN DELA CRUZ,112506020,II,,XI,110000000
DAVAO ORIENTAL,112500000,LUPON,112507000,BAGUMBAYAN,112507001,II,,XI,110000000
DAVAO ORIENTAL,112500000,LUPON,112507000,CABADIANGAN,112507003,II,,XI,110000000
DAVAO ORIENTAL,112500000,LUPON,112507000,CALAPAGAN,112507006,II,,XI,110000000
DAVAO ORIENTAL,112500000,LUPON,112507000,COCORNON,112507008,II,,XI,110000000
DAVAO ORIENTAL,112500000,LUPON,112507000,CORPORACION,112507009,II,,XI,110000000
DAVAO ORIENTAL,112500000,LUPON,112507000,DON MARIANO MARCOS,112507010,II,,XI,110000000
DAVAO ORIENTAL,112500000,LUPON,112507000,ILANGAY,112507011,II,,XI,110000000
DAVAO ORIENTAL,112500000,LUPON,112507000,LANGKA,112507013,II,,XI,110000000
DAVAO ORIENTAL,112500000,LUPON,112507000,LANTAWAN,112507014,II,,XI,110000000
DAVAO ORIENTAL,112500000,LUPON,112507000,LIMBAHAN,112507015,II,,XI,110000000
DAVAO ORIENTAL,112500000,LUPON,112507000,MACANGAO,112507016,II,,XI,110000000
DAVAO ORIENTAL,112500000,LUPON,112507000,MAGSAYSAY,112507017,II,,XI,110000000
DAVAO ORIENTAL,112500000,LUPON,112507000,MAHAYAHAY,112507019,II,,XI,110000000
DAVAO ORIENTAL,112500000,LUPON,112507000,MARAGATAS,112507021,II,,XI,110000000
DAVAO ORIENTAL,112500000,LUPON,112507000,MARAYAG,112507022,II,,XI,110000000
DAVAO ORIENTAL,112500000,LUPON,112507000,NEW VISAYAS,112507024,II,,XI,110000000
DAVAO ORIENTAL,112500000,LUPON,112507000,POBLACION,112507028,II,,XI,110000000
DAVAO ORIENTAL,112500000,LUPON,112507000,SAN ISIDRO,112507029,II,,XI,110000000
DAVAO ORIENTAL,112500000,LUPON,112507000,SAN JOSE,112507030,II,,XI,110000000
DAVAO ORIENTAL,112500000,LUPON,112507000,TAGBOA,112507032,II,,XI,110000000
DAVAO ORIENTAL,112500000,LUPON,112507000,TAGUGPO,112507033,II,,XI,110000000
DAVAO ORIENTAL,112500000,MANAY,112508000,CAPASNAN,112508001,I,,XI,110000000
DAVAO ORIENTAL,112500000,MANAY,112508000,CAYAWAN,112508002,I,,XI,110000000
DAVAO ORIENTAL,112500000,MANAY,112508000,CENTRAL (POB.),112508003,I,,XI,110000000
DAVAO ORIENTAL,112500000,MANAY,112508000,CONCEPCION,112508004,I,,XI,110000000
DAVAO ORIENTAL,112500000,MANAY,112508000,DEL PILAR,112508006,I,,XI,110000000
DAVAO ORIENTAL,112500000,MANAY,112508000,GUZA,112508007,I,,XI,110000000
DAVAO ORIENTAL,112500000,MANAY,112508000,HOLY CROSS,112508008,I,,XI,110000000
DAVAO ORIENTAL,112500000,MANAY,112508000,MABINI,112508009,I,,XI,110000000
DAVAO ORIENTAL,112500000,MANAY,112508000,MANREZA,112508010,I,,XI,110000000
DAVAO ORIENTAL,112500000,MANAY,112508000,OLD MACOPA,112508011,I,,XI,110000000
DAVAO ORIENTAL,112500000,MANAY,112508000,RIZAL,112508012,I,,XI,110000000
DAVAO ORIENTAL,112500000,MANAY,112508000,SAN FERMIN,112508013,I,,XI,110000000
DAVAO ORIENTAL,112500000,MANAY,112508000,SAN IGNACIO,112508014,I,,XI,110000000
DAVAO ORIENTAL,112500000,MANAY,112508000,SAN ISIDRO,112508015,I,,XI,110000000
DAVAO ORIENTAL,112500000,MANAY,112508000,NEW TAOKANGA,112508016,I,,XI,110000000
DAVAO ORIENTAL,112500000,MANAY,112508000,ZARAGOSA,112508017,I,,XI,110000000
DAVAO ORIENTAL,112500000,MANAY,112508000,LAMBOG,112508018,I,,XI,110000000
DAVAO ORIENTAL,112500000,SAN ISIDRO,112510000,BAON,112510001,II,,XI,110000000
DAVAO ORIENTAL,112500000,SAN ISIDRO,112510000,BITAOGAN,112510003,II,,XI,110000000
DAVAO ORIENTAL,112500000,SAN ISIDRO,112510000,CAMBALEON,112510004,II,,XI,110000000
DAVAO ORIENTAL,112500000,SAN ISIDRO,112510000,DUGMANON,112510005,II,,XI,110000000
DAVAO ORIENTAL,112500000,SAN ISIDRO,112510000,IBA,112510006,II,,XI,110000000
DAVAO ORIENTAL,112500000,SAN ISIDRO,112510000,LA UNION,112510007,II,,XI,110000000
DAVAO ORIENTAL,112500000,SAN ISIDRO,112510000,LAPU-LAPU,112510008,II,,XI,110000000
DAVAO ORIENTAL,112500000,SAN ISIDRO,112510000,MAAG,112510009,II,,XI,110000000
DAVAO ORIENTAL,112500000,SAN ISIDRO,112510000,MANIKLING,112510010,II,,XI,110000000
DAVAO ORIENTAL,112500000,SAN ISIDRO,112510000,MAPUTI,112510011,II,,XI,110000000
DAVAO ORIENTAL,112500000,SAN ISIDRO,112510000,BATOBATO (POB.),112510012,II,,XI,110000000
DAVAO ORIENTAL,112500000,SAN ISIDRO,112510000,SAN MIGUEL,112510013,II,,XI,110000000
DAVAO ORIENTAL,112500000,SAN ISIDRO,112510000,SAN ROQUE,112510014,II,,XI,110000000
DAVAO ORIENTAL,112500000,SAN ISIDRO,112510000,SANTO ROSARIO,112510015,II,,XI,110000000
DAVAO ORIENTAL,112500000,SAN ISIDRO,112510000,SUDLON,112510016,II,,XI,110000000
DAVAO ORIENTAL,112500000,SAN ISIDRO,112510000,TALISAY,112510017,II,,XI,110000000
DAVAO ORIENTAL,112500000,TARRAGONA,112511000,CABAGAYAN,112511001,I,,XI,110000000
DAVAO ORIENTAL,112500000,TARRAGONA,112511000,CENTRAL (POB.),112511002,I,,XI,110000000
DAVAO ORIENTAL,112500000,TARRAGONA,112511000,DADONG,112511003,I,,XI,110000000
DAVAO ORIENTAL,112500000,TARRAGONA,112511000,JOVELLAR,112511004,I,,XI,110000000
DAVAO ORIENTAL,112500000,TARRAGONA,112511000,LIMOT,112511005,I,,XI,110000000
DAVAO ORIENTAL,112500000,TARRAGONA,112511000,LUCATAN,112511006,I,,XI,110000000
DAVAO ORIENTAL,112500000,TARRAGONA,112511000,MAGANDA,112511007,I,,XI,110000000
DAVAO ORIENTAL,112500000,TARRAGONA,112511000,OMPAO,112511008,I,,XI,110000000
DAVAO ORIENTAL,112500000,TARRAGONA,112511000,TOMOAONG,112511010,I,,XI,110000000
DAVAO ORIENTAL,112500000,TARRAGONA,112511000,TUBAON,112511011,I,,XI,110000000
DAVAO DE ORO,118200000,COMPOSTELA,118201000,BAGONGON,118201001,I,,XI,110000000
DAVAO DE ORO,118200000,COMPOSTELA,118201000,GABI,118201002,I,,XI,110000000
DAVAO DE ORO,118200000,COMPOSTELA,118201000,LAGAB,118201003,I,,XI,110000000
DAVAO DE ORO,118200000,COMPOSTELA,118201000,MANGAYON,118201004,I,,XI,110000000
DAVAO DE ORO,118200000,COMPOSTELA,118201000,MAPACA,118201005,I,,XI,110000000
DAVAO DE ORO,118200000,COMPOSTELA,118201000,MAPARAT,118201006,I,,XI,110000000
DAVAO DE ORO,118200000,COMPOSTELA,118201000,NEW ALEGRIA,118201007,I,,XI,110000000
DAVAO DE ORO,118200000,COMPOSTELA,118201000,NGAN,118201008,I,,XI,110000000
DAVAO DE ORO,118200000,COMPOSTELA,118201000,OSMEÑA,118201009,I,,XI,110000000
DAVAO DE ORO,118200000,COMPOSTELA,118201000,PANANSALAN,118201010,I,,XI,110000000
DAVAO DE ORO,118200000,COMPOSTELA,118201000,POBLACION,118201011,I,,XI,110000000
DAVAO DE ORO,118200000,COMPOSTELA,118201000,SAN JOSE,118201012,I,,XI,110000000
DAVAO DE ORO,118200000,COMPOSTELA,118201000,SAN MIGUEL,118201013,I,,XI,110000000
DAVAO DE ORO,118200000,COMPOSTELA,118201000,SIOCON,118201014,I,,XI,110000000
DAVAO DE ORO,118200000,COMPOSTELA,118201000,TAMIA,118201015,I,,XI,110000000
DAVAO DE ORO,118200000,COMPOSTELA,118201000,AURORA,118201016,I,,XI,110000000
DAVAO DE ORO,118200000,LAAK (SAN VICENTE),118202000,AGUINALDO,118202001,II,,XI,110000000
DAVAO DE ORO,118200000,LAAK (SAN VICENTE),118202000,BANBANON,118202002,II,,XI,110000000
DAVAO DE ORO,118200000,LAAK (SAN VICENTE),118202000,BINASBAS,118202003,II,,XI,110000000
DAVAO DE ORO,118200000,LAAK (SAN VICENTE),118202000,CEBULIDA,118202004,II,,XI,110000000
DAVAO DE ORO,118200000,LAAK (SAN VICENTE),118202000,IL PAPA,118202005,II,,XI,110000000
DAVAO DE ORO,118200000,LAAK (SAN VICENTE),118202000,KALIGUTAN,118202006,II,,XI,110000000
DAVAO DE ORO,118200000,LAAK (SAN VICENTE),118202000,KAPATAGAN,118202007,II,,XI,110000000
DAVAO DE ORO,118200000,LAAK (SAN VICENTE),118202000,KIDAWA,118202008,II,,XI,110000000
DAVAO DE ORO,118200000,LAAK (SAN VICENTE),118202000,KILAGDING,118202009,II,,XI,110000000
DAVAO DE ORO,118200000,LAAK (SAN VICENTE),118202000,KIOKMAY,118202010,II,,XI,110000000
DAVAO DE ORO,118200000,LAAK (SAN VICENTE),118202000,LANGTUD,118202011,II,,XI,110000000
DAVAO DE ORO,118200000,LAAK (SAN VICENTE),118202000,LONGANAPAN,118202012,II,,XI,110000000
DAVAO DE ORO,118200000,LAAK (SAN VICENTE),118202000,NAGA,118202013,II,,XI,110000000
DAVAO DE ORO,118200000,LAAK (SAN VICENTE),118202000,LAAC (POB.),118202014,II,,XI,110000000
DAVAO DE ORO,118200000,LAAK (SAN VICENTE),118202000,SAN ANTONIO,118202015,II,,XI,110000000
DAVAO DE ORO,118200000,LAAK (SAN VICENTE),118202000,AMOR CRUZ,118202016,II,,XI,110000000
DAVAO DE ORO,118200000,LAAK (SAN VICENTE),118202000,AMPAWID,118202017,II,,XI,110000000
DAVAO DE ORO,118200000,LAAK (SAN VICENTE),118202000,ANDAP,118202018,II,,XI,110000000
DAVAO DE ORO,118200000,LAAK (SAN VICENTE),118202000,ANITAP,118202019,II,,XI,110000000
DAVAO DE ORO,118200000,LAAK (SAN VICENTE),118202000,BAGONG SILANG,118202020,II,,XI,110000000
DAVAO DE ORO,118200000,LAAK (SAN VICENTE),118202000,BELMONTE,118202021,II,,XI,110000000
DAVAO DE ORO,118200000,LAAK (SAN VICENTE),118202000,BULLUCAN,118202022,II,,XI,110000000
DAVAO DE ORO,118200000,LAAK (SAN VICENTE),118202000,CONCEPCION,118202023,II,,XI,110000000
DAVAO DE ORO,118200000,LAAK (SAN VICENTE),118202000,DATU AMPUNAN,118202024,II,,XI,110000000
DAVAO DE ORO,118200000,LAAK (SAN VICENTE),118202000,DATU DAVAO,118202025,II,,XI,110000000
DAVAO DE ORO,118200000,LAAK (SAN VICENTE),118202000,DOÑA JOSEFA,118202026,II,,XI,110000000
DAVAO DE ORO,118200000,LAAK (SAN VICENTE),118202000,EL KATIPUNAN,118202027,II,,XI,110000000
DAVAO DE ORO,118200000,LAAK (SAN VICENTE),118202000,IMELDA,118202028,II,,XI,110000000
DAVAO DE ORO,118200000,LAAK (SAN VICENTE),118202000,INACAYAN,118202029,II,,XI,110000000
DAVAO DE ORO,118200000,LAAK (SAN VICENTE),118202000,MABUHAY,118202030,II,,XI,110000000
DAVAO DE ORO,118200000,LAAK (SAN VICENTE),118202000,MACOPA,118202031,II,,XI,110000000
DAVAO DE ORO,118200000,LAAK (SAN VICENTE),118202000,MALINAO,118202032,II,,XI,110000000
DAVAO DE ORO,118200000,LAAK (SAN VICENTE),118202000,MANGLOY,118202033,II,,XI,110000000
DAVAO DE ORO,118200000,LAAK (SAN VICENTE),118202000,MELALE,118202034,II,,XI,110000000
DAVAO DE ORO,118200000,LAAK (SAN VICENTE),118202000,NEW BETHLEHEM,118202035,II,,XI,110000000
DAVAO DE ORO,118200000,LAAK (SAN VICENTE),118202000,PANAMOREN,118202036,II,,XI,110000000
DAVAO DE ORO,118200000,LAAK (SAN VICENTE),118202000,SABUD,118202037,II,,XI,110000000
DAVAO DE ORO,118200000,LAAK (SAN VICENTE),118202000,SANTA EMILIA,118202038,II,,XI,110000000
DAVAO DE ORO,118200000,LAAK (SAN VICENTE),118202000,SANTO NIÑO,118202039,II,,XI,110000000
DAVAO DE ORO,118200000,LAAK (SAN VICENTE),118202000,SISIMON,118202040,II,,XI,110000000
DAVAO DE ORO,118200000,MABINI (DOÑA ALICIA),118203000,CADUNAN,118203002,II,,XI,110000000
DAVAO DE ORO,118200000,MABINI (DOÑA ALICIA),118203000,PINDASAN,118203006,II,,XI,110000000
DAVAO DE ORO,118200000,MABINI (DOÑA ALICIA),118203000,CUAMBOG (POB.),118203007,II,,XI,110000000
DAVAO DE ORO,118200000,MABINI (DOÑA ALICIA),118203000,TAGNANAN (MAMPISING),118203011,II,,XI,110000000
DAVAO DE ORO,118200000,MABINI (DOÑA ALICIA),118203000,ANITAPAN,118203012,II,,XI,110000000
DAVAO DE ORO,118200000,MABINI (DOÑA ALICIA),118203000,CABUYUAN,118203013,II,,XI,110000000
DAVAO DE ORO,118200000,MABINI (DOÑA ALICIA),118203000,DEL PILAR,118203014,II,,XI,110000000
DAVAO DE ORO,118200000,MABINI (DOÑA ALICIA),118203000,LIBODON,118203015,II,,XI,110000000
DAVAO DE ORO,118200000,MABINI (DOÑA ALICIA),118203000,GOLDEN VALLEY (MARAUT),118203016,II,,XI,110000000
DAVAO DE ORO,118200000,MABINI (DOÑA ALICIA),118203000,PANGIBIRAN,118203017,II,,XI,110000000
DAVAO DE ORO,118200000,MABINI (DOÑA ALICIA),118203000,SAN ANTONIO,118203018,II,,XI,110000000
DAVAO DE ORO,118200000,MACO,118204000,ANIBONGAN,118204001,II,,XI,110000000
DAVAO DE ORO,118200000,MACO,118204000,ANISLAGAN,118204002,II,,XI,110000000
DAVAO DE ORO,118200000,MACO,118204000,BINUANGAN,118204003,II,,XI,110000000
DAVAO DE ORO,118200000,MACO,118204000,BUCANA,118204004,II,,XI,110000000
DAVAO DE ORO,118200000,MACO,118204000,CALABCAB,118204005,II,,XI,110000000
DAVAO DE ORO,118200000,MACO,118204000,CONCEPCION,118204006,II,,XI,110000000
DAVAO DE ORO,118200000,MACO,118204000,DUMLAN,118204007,II,,XI,110000000
DAVAO DE ORO,118200000,MACO,118204000,ELIZALDE (SOMIL),118204008,II,,XI,110000000
DAVAO DE ORO,118200000,MACO,118204000,PANGI (GAUDENCIO ANTONIO),118204009,II,,XI,110000000
DAVAO DE ORO,118200000,MACO,118204000,GUBATAN,118204010,II,,XI,110000000
DAVAO DE ORO,118200000,MACO,118204000,HIJO,118204011,II,,XI,110000000
DAVAO DE ORO,118200000,MACO,118204000,KINUBAN,118204012,II,,XI,110000000
DAVAO DE ORO,118200000,MACO,118204000,LANGGAM,118204013,II,,XI,110000000
DAVAO DE ORO,118200000,MACO,118204000,LAPU-LAPU,118204014,II,,XI,110000000
DAVAO DE ORO,118200000,MACO,118204000,LIBAY-LIBAY,118204015,II,,XI,110000000
DAVAO DE ORO,118200000,MACO,118204000,LIMBO,118204016,II,,XI,110000000
DAVAO DE ORO,118200000,MACO,118204000,LUMATAB,118204017,II,,XI,110000000
DAVAO DE ORO,118200000,MACO,118204000,MAGANGIT,118204018,II,,XI,110000000
DAVAO DE ORO,118200000,MACO,118204000,MALAMODAO,118204019,II,,XI,110000000
DAVAO DE ORO,118200000,MACO,118204000,MANIPONGOL,118204020,II,,XI,110000000
DAVAO DE ORO,118200000,MACO,118204000,MAPAANG,118204021,II,,XI,110000000
DAVAO DE ORO,118200000,MACO,118204000,MASARA,118204022,II,,XI,110000000
DAVAO DE ORO,118200000,MACO,118204000,NEW ASTURIAS,118204023,II,,XI,110000000
DAVAO DE ORO,118200000,MACO,118204000,PANIBASAN,118204024,II,,XI,110000000
DAVAO DE ORO,118200000,MACO,118204000,PANORAON,118204025,II,,XI,110000000
DAVAO DE ORO,118200000,MACO,118204000,POBLACION,118204026,II,,XI,110000000
DAVAO DE ORO,118200000,MACO,118204000,SAN JUAN,118204027,II,,XI,110000000
DAVAO DE ORO,118200000,MACO,118204000,SAN ROQUE,118204028,II,,XI,110000000
DAVAO DE ORO,118200000,MACO,118204000,SANGAB,118204029,II,,XI,110000000
DAVAO DE ORO,118200000,MACO,118204000,TAGLAWIG,118204030,II,,XI,110000000
DAVAO DE ORO,118200000,MACO,118204000,MAINIT,118204031,II,,XI,110000000
DAVAO DE ORO,118200000,MACO,118204000,NEW BARILI,118204032,II,,XI,110000000
DAVAO DE ORO,118200000,MACO,118204000,NEW LEYTE,118204033,II,,XI,110000000
DAVAO DE ORO,118200000,MACO,118204000,NEW VISAYAS,118204034,II,,XI,110000000
DAVAO DE ORO,118200000,MACO,118204000,PANANGAN,118204035,II,,XI,110000000
DAVAO DE ORO,118200000,MACO,118204000,TAGBAROS,118204036,II,,XI,110000000
DAVAO DE ORO,118200000,MACO,118204000,TERESA,118204037,II,,XI,110000000
DAVAO DE ORO,118200000,MARAGUSAN (SAN MARIANO),118205000,BAGONG SILANG,118205001,I,,XI,110000000
DAVAO DE ORO,118200000,MARAGUSAN (SAN MARIANO),118205000,MAPAWA,118205002,I,,XI,110000000
DAVAO DE ORO,118200000,MARAGUSAN (SAN MARIANO),118205000,MARAGUSAN (POB.),118205003,I,,XI,110000000
DAVAO DE ORO,118200000,MARAGUSAN (SAN MARIANO),118205000,NEW ALBAY,118205004,I,,XI,110000000
DAVAO DE ORO,118200000,MARAGUSAN (SAN MARIANO),118205000,TUPAZ,118205005,I,,XI,110000000
DAVAO DE ORO,118200000,MARAGUSAN (SAN MARIANO),118205000,BAHI,118205006,I,,XI,110000000
DAVAO DE ORO,118200000,MARAGUSAN (SAN MARIANO),118205000,CAMBAGANG,118205007,I,,XI,110000000
DAVAO DE ORO,118200000,MARAGUSAN (SAN MARIANO),118205000,CORONOBE,118205008,I,,XI,110000000
DAVAO DE ORO,118200000,MARAGUSAN (SAN MARIANO),118205000,KATIPUNAN,118205009,I,,XI,110000000
DAVAO DE ORO,118200000,MARAGUSAN (SAN MARIANO),118205000,LAHI,118205010,I,,XI,110000000
DAVAO DE ORO,118200000,MARAGUSAN (SAN MARIANO),118205000,LANGGAWISAN,118205011,I,,XI,110000000
DAVAO DE ORO,118200000,MARAGUSAN (SAN MARIANO),118205000,MABUGNAO,118205012,I,,XI,110000000
DAVAO DE ORO,118200000,MARAGUSAN (SAN MARIANO),118205000,MAGCAGONG,118205013,I,,XI,110000000
DAVAO DE ORO,118200000,MARAGUSAN (SAN MARIANO),118205000,MAHAYAHAY,118205014,I,,XI,110000000
DAVAO DE ORO,118200000,MARAGUSAN (SAN MARIANO),118205000,MAUSWAGON,118205015,I,,XI,110000000
DAVAO DE ORO,118200000,MARAGUSAN (SAN MARIANO),118205000,NEW KATIPUNAN,118205016,I,,XI,110000000
DAVAO DE ORO,118200000,MARAGUSAN (SAN MARIANO),118205000,NEW MAN-AY,118205017,I,,XI,110000000
DAVAO DE ORO,118200000,MARAGUSAN (SAN MARIANO),118205000,NEW PANAY,118205018,I,,XI,110000000
DAVAO DE ORO,118200000,MARAGUSAN (SAN MARIANO),118205000,PALOC,118205019,I,,XI,110000000
DAVAO DE ORO,118200000,MARAGUSAN (SAN MARIANO),118205000,PAMINTARAN,118205020,I,,XI,110000000
DAVAO DE ORO,118200000,MARAGUSAN (SAN MARIANO),118205000,PARASANON,118205021,I,,XI,110000000
DAVAO DE ORO,118200000,MARAGUSAN (SAN MARIANO),118205000,TALIAN,118205022,I,,XI,110000000
DAVAO DE ORO,118200000,MARAGUSAN (SAN MARIANO),118205000,TANDIK,118205023,I,,XI,110000000
DAVAO DE ORO,118200000,MARAGUSAN (SAN MARIANO),118205000,TIGBAO,118205024,I,,XI,110000000
DAVAO DE ORO,118200000,MAWAB,118206000,ANDILI,118206001,II,,XI,110000000
DAVAO DE ORO,118200000,MAWAB,118206000,BAWANI,118206002,II,,XI,110000000
DAVAO DE ORO,118200000,MAWAB,118206000,CONCEPCION,118206003,II,,XI,110000000
DAVAO DE ORO,118200000,MAWAB,118206000,MALINAWON,118206004,II,,XI,110000000
DAVAO DE ORO,118200000,MAWAB,118206000,NUEVA VISAYAS,118206005,II,,XI,110000000
DAVAO DE ORO,118200000,MAWAB,118206000,NUEVO ILOCO,118206006,II,,XI,110000000
DAVAO DE ORO,118200000,MAWAB,118206000,POBLACION,118206007,II,,XI,110000000
DAVAO DE ORO,118200000,MAWAB,118206000,SALVACION,118206008,II,,XI,110000000
DAVAO DE ORO,118200000,MAWAB,118206000,SAOSAO,118206009,II,,XI,110000000
DAVAO DE ORO,118200000,MAWAB,118206000,SAWANGAN,118206010,II,,XI,110000000
DAVAO DE ORO,118200000,MAWAB,118206000,TUBORAN,118206011,II,,XI,110000000
DAVAO DE ORO,118200000,MONKAYO,118207000,AWAO,118207001,I,,XI,110000000
DAVAO DE ORO,118200000,MONKAYO,118207000,BABAG,118207002,I,,XI,110000000
DAVAO DE ORO,118200000,MONKAYO,118207000,BANLAG,118207003,I,,XI,110000000
DAVAO DE ORO,118200000,MONKAYO,118207000,BAYLO,118207004,I,,XI,110000000
DAVAO DE ORO,118200000,MONKAYO,118207000,CASOON,118207005,I,,XI,110000000
DAVAO DE ORO,118200000,MONKAYO,118207000,INAMBATAN,118207006,I,,XI,110000000
DAVAO DE ORO,118200000,MONKAYO,118207000,HAGUIMITAN,118207007,I,,XI,110000000
DAVAO DE ORO,118200000,MONKAYO,118207000,MACOPA,118207008,I,,XI,110000000
DAVAO DE ORO,118200000,MONKAYO,118207000,MAMUNGA,118207009,I,,XI,110000000
DAVAO DE ORO,118200000,MONKAYO,118207000,NABOC,118207010,I,,XI,110000000
DAVAO DE ORO,118200000,MONKAYO,118207000,OLAYCON,118207011,I,,XI,110000000
DAVAO DE ORO,118200000,MONKAYO,118207000,PASIAN (SANTA FILOMENA),118207012,I,,XI,110000000
DAVAO DE ORO,118200000,MONKAYO,118207000,POBLACION,118207013,I,,XI,110000000
DAVAO DE ORO,118200000,MONKAYO,118207000,RIZAL,118207014,I,,XI,110000000
DAVAO DE ORO,118200000,MONKAYO,118207000,SALVACION,118207015,I,,XI,110000000
DAVAO DE ORO,118200000,MONKAYO,118207000,SAN ISIDRO,118207016,I,,XI,110000000
DAVAO DE ORO,118200000,MONKAYO,118207000,SAN JOSE,118207017,I,,XI,110000000
DAVAO DE ORO,118200000,MONKAYO,118207000,TUBO-TUBO (NEW DEL MONTE),118207019,I,,XI,110000000
DAVAO DE ORO,118200000,MONKAYO,118207000,UPPER ULIP,118207020,I,,XI,110000000
DAVAO DE ORO,118200000,MONKAYO,118207000,UNION,118207021,I,,XI,110000000
DAVAO DE ORO,118200000,MONKAYO,118207000,MOUNT DIWATA,118207022,I,,XI,110000000
DAVAO DE ORO,118200000,MONTEVISTA,118208000,BANAGBANAG,118208001,I,,XI,110000000
DAVAO DE ORO,118200000,MONTEVISTA,118208000,BANGLASAN,118208002,I,,XI,110000000
DAVAO DE ORO,118200000,MONTEVISTA,118208000,BANKEROHAN NORTE,118208003,I,,XI,110000000
DAVAO DE ORO,118200000,MONTEVISTA,118208000,BANKEROHAN SUR,118208004,I,,XI,110000000
DAVAO DE ORO,118200000,MONTEVISTA,118208000,CAMANSI,118208005,I,,XI,110000000
DAVAO DE ORO,118200000,MONTEVISTA,118208000,CAMANTANGAN,118208006,I,,XI,110000000
DAVAO DE ORO,118200000,MONTEVISTA,118208000,CONCEPCION,118208007,I,,XI,110000000
DAVAO DE ORO,118200000,MONTEVISTA,118208000,DAUMAN,118208008,I,,XI,110000000
DAVAO DE ORO,118200000,MONTEVISTA,118208000,CANIDKID,118208009,I,,XI,110000000
DAVAO DE ORO,118200000,MONTEVISTA,118208000,LEBANON,118208010,I,,XI,110000000
DAVAO DE ORO,118200000,MONTEVISTA,118208000,LINOAN,118208011,I,,XI,110000000
DAVAO DE ORO,118200000,MONTEVISTA,118208000,MAYAON,118208012,I,,XI,110000000
DAVAO DE ORO,118200000,MONTEVISTA,118208000,NEW CALAPE,118208014,I,,XI,110000000
DAVAO DE ORO,118200000,MONTEVISTA,118208000,NEW DALAGUETE,118208015,I,,XI,110000000
DAVAO DE ORO,118200000,MONTEVISTA,118208000,NEW CEBULAN (SAMBAYON),118208016,I,,XI,110000000
DAVAO DE ORO,118200000,MONTEVISTA,118208000,NEW VISAYAS,118208017,I,,XI,110000000
DAVAO DE ORO,118200000,MONTEVISTA,118208000,PROSPERIDAD,118208019,I,,XI,110000000
DAVAO DE ORO,118200000,MONTEVISTA,118208000,SAN JOSE (POB.),118208020,I,,XI,110000000
DAVAO DE ORO,118200000,MONTEVISTA,118208000,SAN VICENTE,118208021,I,,XI,110000000
DAVAO DE ORO,118200000,MONTEVISTA,118208000,TAPIA,118208022,I,,XI,110000000
DAVAO DE ORO,118200000,NABUNTURAN (Capital),118209000,ANISLAGAN,118209001,II,,XI,110000000
DAVAO DE ORO,118200000,NABUNTURAN (Capital),118209000,ANTIQUERA,118209002,II,,XI,110000000
DAVAO DE ORO,118200000,NABUNTURAN (Capital),118209000,BASAK,118209003,II,,XI,110000000
DAVAO DE ORO,118200000,NABUNTURAN (Capital),118209000,CABACUNGAN,118209004,II,,XI,110000000
DAVAO DE ORO,118200000,NABUNTURAN (Capital),118209000,CABIDIANAN,118209005,II,,XI,110000000
DAVAO DE ORO,118200000,NABUNTURAN (Capital),118209000,KATIPUNAN,118209006,II,,XI,110000000
DAVAO DE ORO,118200000,NABUNTURAN (Capital),118209000,LIBASAN,118209007,II,,XI,110000000
DAVAO DE ORO,118200000,NABUNTURAN (Capital),118209000,LINDA,118209008,II,,XI,110000000
DAVAO DE ORO,118200000,NABUNTURAN (Capital),118209000,MAGADING,118209009,II,,XI,110000000
DAVAO DE ORO,118200000,NABUNTURAN (Capital),118209000,MAGSAYSAY,118209010,II,,XI,110000000
DAVAO DE ORO,118200000,NABUNTURAN (Capital),118209000,MAINIT,118209011,II,,XI,110000000
DAVAO DE ORO,118200000,NABUNTURAN (Capital),118209000,MANAT,118209012,II,,XI,110000000
DAVAO DE ORO,118200000,NABUNTURAN (Capital),118209000,MATILO,118209013,II,,XI,110000000
DAVAO DE ORO,118200000,NABUNTURAN (Capital),118209000,MIPANGI,118209014,II,,XI,110000000
DAVAO DE ORO,118200000,NABUNTURAN (Capital),118209000,NEW DAUIS,118209015,II,,XI,110000000
DAVAO DE ORO,118200000,NABUNTURAN (Capital),118209000,NEW SIBONGA,118209016,II,,XI,110000000
DAVAO DE ORO,118200000,NABUNTURAN (Capital),118209000,OGAO,118209017,II,,XI,110000000
DAVAO DE ORO,118200000,NABUNTURAN (Capital),118209000,PANGUTOSAN,118209018,II,,XI,110000000
DAVAO DE ORO,118200000,NABUNTURAN (Capital),118209000,POBLACION,118209019,II,,XI,110000000
DAVAO DE ORO,118200000,NABUNTURAN (Capital),118209000,SAN ISIDRO,118209020,II,,XI,110000000
DAVAO DE ORO,118200000,NABUNTURAN (Capital),118209000,SAN ROQUE,118209021,II,,XI,110000000
DAVAO DE ORO,118200000,NABUNTURAN (Capital),118209000,SAN VICENTE,118209022,II,,XI,110000000
DAVAO DE ORO,118200000,NABUNTURAN (Capital),118209000,SANTA MARIA,118209023,II,,XI,110000000
DAVAO DE ORO,118200000,NABUNTURAN (Capital),118209000,SANTO NIÑO (KAO),118209024,II,,XI,110000000
DAVAO DE ORO,118200000,NABUNTURAN (Capital),118209000,SASA,118209025,II,,XI,110000000
DAVAO DE ORO,118200000,NABUNTURAN (Capital),118209000,TAGNOCON,118209026,II,,XI,110000000
DAVAO DE ORO,118200000,NABUNTURAN (Capital),118209000,BAYABAS,118209027,II,,XI,110000000
DAVAO DE ORO,118200000,NABUNTURAN (Capital),118209000,BUKAL,118209028,II,,XI,110000000
DAVAO DE ORO,118200000,NEW BATAAN,118210000,BANTACAN,118210001,I,,XI,110000000
DAVAO DE ORO,118200000,NEW BATAAN,118210000,BATINAO,118210002,I,,XI,110000000
DAVAO DE ORO,118200000,NEW BATAAN,118210000,CAMANLANGAN,118210003,I,,XI,110000000
DAVAO DE ORO,118200000,NEW BATAAN,118210000,COGONON,118210004,I,,XI,110000000
DAVAO DE ORO,118200000,NEW BATAAN,118210000,FATIMA,118210005,I,,XI,110000000
DAVAO DE ORO,118200000,NEW BATAAN,118210000,KATIPUNAN,118210006,I,,XI,110000000
DAVAO DE ORO,118200000,NEW BATAAN,118210000,MAGSAYSAY,118210007,I,,XI,110000000
DAVAO DE ORO,118200000,NEW BATAAN,118210000,MAGANGIT,118210008,I,,XI,110000000
DAVAO DE ORO,118200000,NEW BATAAN,118210000,PAGSABANGAN,118210009,I,,XI,110000000
DAVAO DE ORO,118200000,NEW BATAAN,118210000,PANAG,118210010,I,,XI,110000000
DAVAO DE ORO,118200000,NEW BATAAN,118210000,CABINUANGAN (POB.),118210011,I,,XI,110000000
DAVAO DE ORO,118200000,NEW BATAAN,118210000,SAN ROQUE,118210012,I,,XI,110000000
DAVAO DE ORO,118200000,NEW BATAAN,118210000,ANDAP,118210013,I,,XI,110000000
DAVAO DE ORO,118200000,NEW BATAAN,118210000,KAHAYAG,118210014,I,,XI,110000000
DAVAO DE ORO,118200000,NEW BATAAN,118210000,MANURIGAO,118210015,I,,XI,110000000
DAVAO DE ORO,118200000,NEW BATAAN,118210000,TANDAWAN,118210016,I,,XI,110000000
DAVAO DE ORO,118200000,PANTUKAN,118211000,BONGABONG,118211001,II,,XI,110000000
DAVAO DE ORO,118200000,PANTUKAN,118211000,BONGBONG,118211002,II,,XI,110000000
DAVAO DE ORO,118200000,PANTUKAN,118211000,P. FUENTES,118211003,II,,XI,110000000
DAVAO DE ORO,118200000,PANTUKAN,118211000,KINGKING (POB.),118211004,II,,XI,110000000
DAVAO DE ORO,118200000,PANTUKAN,118211000,MAGNAGA,118211005,II,,XI,110000000
DAVAO DE ORO,118200000,PANTUKAN,118211000,MATIAO,118211006,II,,XI,110000000
DAVAO DE ORO,118200000,PANTUKAN,118211000,NAPNAPAN,118211007,II,,XI,110000000
DAVAO DE ORO,118200000,PANTUKAN,118211000,TAGDANGUA,118211009,II,,XI,110000000
DAVAO DE ORO,118200000,PANTUKAN,118211000,TAMBONGON,118211010,II,,XI,110000000
DAVAO DE ORO,118200000,PANTUKAN,118211000,TIBAGON,118211011,II,,XI,110000000
DAVAO DE ORO,118200000,PANTUKAN,118211000,LAS ARENAS,118211012,II,,XI,110000000
DAVAO DE ORO,118200000,PANTUKAN,118211000,ARAIBO,118211013,II,,XI,110000000
DAVAO DE ORO,118200000,PANTUKAN,118211000,TAG-UGPO,118211014,II,,XI,110000000
DAVAO OCCIDENTAL,118600000,DON MARCELINO,118601000,CALIAN,118601001,,,XI,110000000
DAVAO OCCIDENTAL,118600000,DON MARCELINO,118601000,KIOBOG,118601002,,,XI,110000000
DAVAO OCCIDENTAL,118600000,DON MARCELINO,118601000,NORTH LAMIDAN,118601003,,,XI,110000000
DAVAO OCCIDENTAL,118600000,DON MARCELINO,118601000,LAWA (POB.),118601004,,,XI,110000000
DAVAO OCCIDENTAL,118600000,DON MARCELINO,118601000,NUEVA VILLA,118601005,,,XI,110000000
DAVAO OCCIDENTAL,118600000,DON MARCELINO,118601000,TALAGUTONG (POB.),118601006,,,XI,110000000
DAVAO OCCIDENTAL,118600000,DON MARCELINO,118601000,BALUNTAYA,118601007,,,XI,110000000
DAVAO OCCIDENTAL,118600000,DON MARCELINO,118601000,DALUPAN,118601008,,,XI,110000000
DAVAO OCCIDENTAL,118600000,DON MARCELINO,118601000,KINANGA,118601009,,,XI,110000000
DAVAO OCCIDENTAL,118600000,DON MARCELINO,118601000,LANAO,118601010,,,XI,110000000
DAVAO OCCIDENTAL,118600000,DON MARCELINO,118601000,LAPUAN,118601011,,,XI,110000000
DAVAO OCCIDENTAL,118600000,DON MARCELINO,118601000,LINADASAN,118601012,,,XI,110000000
DAVAO OCCIDENTAL,118600000,DON MARCELINO,118601000,MABUHAY,118601013,,,XI,110000000
DAVAO OCCIDENTAL,118600000,DON MARCELINO,118601000,SOUTH LAMIDAN,118601014,,,XI,110000000
DAVAO OCCIDENTAL,118600000,DON MARCELINO,118601000,WEST LAMIDAN,118601015,,,XI,110000000
DAVAO OCCIDENTAL,118600000,JOSE ABAD SANTOS (TRINIDAD),118602000,BUGUIS,118602001,,,XI,110000000
DAVAO OCCIDENTAL,118600000,JOSE ABAD SANTOS (TRINIDAD),118602000,BALANGONAN,118602002,,,XI,110000000
DAVAO OCCIDENTAL,118600000,JOSE ABAD SANTOS (TRINIDAD),118602000,BUKID,118602006,,,XI,110000000
DAVAO OCCIDENTAL,118600000,JOSE ABAD SANTOS (TRINIDAD),118602000,BUTUAN,118602007,,,XI,110000000
DAVAO OCCIDENTAL,118600000,JOSE ABAD SANTOS (TRINIDAD),118602000,BUTULAN,118602008,,,XI,110000000
DAVAO OCCIDENTAL,118600000,JOSE ABAD SANTOS (TRINIDAD),118602000,CABURAN BIG,118602009,,,XI,110000000
DAVAO OCCIDENTAL,118600000,JOSE ABAD SANTOS (TRINIDAD),118602000,CABURAN SMALL (POB.),118602010,,,XI,110000000
DAVAO OCCIDENTAL,118600000,JOSE ABAD SANTOS (TRINIDAD),118602000,CAMALIAN,118602011,,,XI,110000000
DAVAO OCCIDENTAL,118600000,JOSE ABAD SANTOS (TRINIDAD),118602000,CARAHAYAN,118602012,,,XI,110000000
DAVAO OCCIDENTAL,118600000,JOSE ABAD SANTOS (TRINIDAD),118602000,CAYAPONGA,118602013,,,XI,110000000
DAVAO OCCIDENTAL,118600000,JOSE ABAD SANTOS (TRINIDAD),118602000,CULAMAN,118602014,,,XI,110000000
DAVAO OCCIDENTAL,118600000,JOSE ABAD SANTOS (TRINIDAD),118602000,KALBAY,118602015,,,XI,110000000
DAVAO OCCIDENTAL,118600000,JOSE ABAD SANTOS (TRINIDAD),118602000,KITAYO,118602016,,,XI,110000000
DAVAO OCCIDENTAL,118600000,JOSE ABAD SANTOS (TRINIDAD),118602000,MAGULIBAS,118602019,,,XI,110000000
DAVAO OCCIDENTAL,118600000,JOSE ABAD SANTOS (TRINIDAD),118602000,MALALAN,118602020,,,XI,110000000
DAVAO OCCIDENTAL,118600000,JOSE ABAD SANTOS (TRINIDAD),118602000,MANGILE,118602021,,,XI,110000000
DAVAO OCCIDENTAL,118600000,JOSE ABAD SANTOS (TRINIDAD),118602000,MARABUTUAN,118602022,,,XI,110000000
DAVAO OCCIDENTAL,118600000,JOSE ABAD SANTOS (TRINIDAD),118602000,MEYBIO,118602023,,,XI,110000000
DAVAO OCCIDENTAL,118600000,JOSE ABAD SANTOS (TRINIDAD),118602000,MOLMOL,118602024,,,XI,110000000
DAVAO OCCIDENTAL,118600000,JOSE ABAD SANTOS (TRINIDAD),118602000,NUING,118602025,,,XI,110000000
DAVAO OCCIDENTAL,118600000,JOSE ABAD SANTOS (TRINIDAD),118602000,PATULANG,118602026,,,XI,110000000
DAVAO OCCIDENTAL,118600000,JOSE ABAD SANTOS (TRINIDAD),118602000,QUIAPO,118602027,,,XI,110000000
DAVAO OCCIDENTAL,118600000,JOSE ABAD SANTOS (TRINIDAD),118602000,SAN ISIDRO,118602028,,,XI,110000000
DAVAO OCCIDENTAL,118600000,JOSE ABAD SANTOS (TRINIDAD),118602000,SUGAL,118602033,,,XI,110000000
DAVAO OCCIDENTAL,118600000,JOSE ABAD SANTOS (TRINIDAD),118602000,TABAYON,118602034,,,XI,110000000
DAVAO OCCIDENTAL,118600000,JOSE ABAD SANTOS (TRINIDAD),118602000,TANUMAN,118602035,,,XI,110000000
DAVAO OCCIDENTAL,118600000,MALITA (Capital),118603000,BITO,118603001,,,XI,110000000
DAVAO OCCIDENTAL,118600000,MALITA (Capital),118603000,BOLILA,118603002,,,XI,110000000
DAVAO OCCIDENTAL,118600000,MALITA (Capital),118603000,BUHANGIN,118603003,,,XI,110000000
DAVAO OCCIDENTAL,118600000,MALITA (Capital),118603000,CULAMAN,118603004,,,XI,110000000
DAVAO OCCIDENTAL,118600000,MALITA (Capital),118603000,DATU DANWATA,118603005,,,XI,110000000
DAVAO OCCIDENTAL,118600000,MALITA (Capital),118603000,DEMOLOC,118603006,,,XI,110000000
DAVAO OCCIDENTAL,118600000,MALITA (Capital),118603000,FELIS,118603007,,,XI,110000000
DAVAO OCCIDENTAL,118600000,MALITA (Capital),118603000,FISHING VILLAGE (FISHERMAN'S VILLAGE),118603008,,,XI,110000000
DAVAO OCCIDENTAL,118600000,MALITA (Capital),118603000,KIBALATONG,118603010,,,XI,110000000
DAVAO OCCIDENTAL,118600000,MALITA (Capital),118603000,KIDALAPONG,118603011,,,XI,110000000
DAVAO OCCIDENTAL,118600000,MALITA (Capital),118603000,KILALAG,118603012,,,XI,110000000
DAVAO OCCIDENTAL,118600000,MALITA (Capital),118603000,KINANGAN,118603013,,,XI,110000000
DAVAO OCCIDENTAL,118600000,MALITA (Capital),118603000,LACARON,118603016,,,XI,110000000
DAVAO OCCIDENTAL,118600000,MALITA (Capital),118603000,LAGUMIT,118603017,,,XI,110000000
DAVAO OCCIDENTAL,118600000,MALITA (Capital),118603000,LAIS,118603018,,,XI,110000000
DAVAO OCCIDENTAL,118600000,MALITA (Capital),118603000,LITTLE BAGUIO,118603022,,,XI,110000000
DAVAO OCCIDENTAL,118600000,MALITA (Capital),118603000,MACOL,118603023,,,XI,110000000
DAVAO OCCIDENTAL,118600000,MALITA (Capital),118603000,MANA,118603024,,,XI,110000000
DAVAO OCCIDENTAL,118600000,MALITA (Capital),118603000,MANUEL PERALTA,118603025,,,XI,110000000
DAVAO OCCIDENTAL,118600000,MALITA (Capital),118603000,NEW ARGAO,118603027,,,XI,110000000
DAVAO OCCIDENTAL,118600000,MALITA (Capital),118603000,PANGIAN,118603030,,,XI,110000000
DAVAO OCCIDENTAL,118600000,MALITA (Capital),118603000,PINALPALAN,118603031,,,XI,110000000
DAVAO OCCIDENTAL,118600000,MALITA (Capital),118603000,POBLACION,118603032,,,XI,110000000
DAVAO OCCIDENTAL,118600000,MALITA (Capital),118603000,SANGAY,118603033,,,XI,110000000
DAVAO OCCIDENTAL,118600000,MALITA (Capital),118603000,TALOGOY,118603036,,,XI,110000000
DAVAO OCCIDENTAL,118600000,MALITA (Capital),118603000,TICAL,118603037,,,XI,110000000
DAVAO OCCIDENTAL,118600000,MALITA (Capital),118603000,TICULON,118603038,,,XI,110000000
DAVAO OCCIDENTAL,118600000,MALITA (Capital),118603000,TINGOLO,118603039,,,XI,110000000
DAVAO OCCIDENTAL,118600000,MALITA (Capital),118603000,TUBALAN,118603040,,,XI,110000000
DAVAO OCCIDENTAL,118600000,MALITA (Capital),118603000,PANGALEON,118603041,,,XI,110000000
DAVAO OCCIDENTAL,118600000,SANTA MARIA,118604000,BASIAWAN,118604001,,,XI,110000000
DAVAO OCCIDENTAL,118600000,SANTA MARIA,118604000,BUCA,118604002,,,XI,110000000
DAVAO OCCIDENTAL,118600000,SANTA MARIA,118604000,CADAATAN,118604003,,,XI,110000000
DAVAO OCCIDENTAL,118600000,SANTA MARIA,118604000,KIDADAN,118604004,,,XI,110000000
DAVAO OCCIDENTAL,118600000,SANTA MARIA,118604000,KISULAD,118604005,,,XI,110000000
DAVAO OCCIDENTAL,118600000,SANTA MARIA,118604000,MALALAG TUBIG,118604006,,,XI,110000000
DAVAO OCCIDENTAL,118600000,SANTA MARIA,118604000,MAMACAO,118604007,,,XI,110000000
DAVAO OCCIDENTAL,118600000,SANTA MARIA,118604000,OGPAO,118604008,,,XI,110000000
DAVAO OCCIDENTAL,118600000,SANTA MARIA,118604000,POBLACION,118604009,,,XI,110000000
DAVAO OCCIDENTAL,118600000,SANTA MARIA,118604000,PONGPONG,118604010,,,XI,110000000
DAVAO OCCIDENTAL,118600000,SANTA MARIA,118604000,SAN AGUSTIN,118604011,,,XI,110000000
DAVAO OCCIDENTAL,118600000,SANTA MARIA,118604000,SAN ANTONIO,118604012,,,XI,110000000
DAVAO OCCIDENTAL,118600000,SANTA MARIA,118604000,SAN ISIDRO,118604013,,,XI,110000000
DAVAO OCCIDENTAL,118600000,SANTA MARIA,118604000,SAN JUAN,118604014,,,XI,110000000
DAVAO OCCIDENTAL,118600000,SANTA MARIA,118604000,SAN PEDRO,118604015,,,XI,110000000
DAVAO OCCIDENTAL,118600000,SANTA MARIA,118604000,SAN ROQUE,118604016,,,XI,110000000
DAVAO OCCIDENTAL,118600000,SANTA MARIA,118604000,TANGLAD,118604018,,,XI,110000000
DAVAO OCCIDENTAL,118600000,SANTA MARIA,118604000,SANTO NIÑO,118604019,,,XI,110000000
DAVAO OCCIDENTAL,118600000,SANTA MARIA,118604000,SANTO ROSARIO,118604020,,,XI,110000000
DAVAO OCCIDENTAL,118600000,SANTA MARIA,118604000,DATU DALIGASAO,118604021,,,XI,110000000
DAVAO OCCIDENTAL,118600000,SANTA MARIA,118604000,DATU INTAN,118604022,,,XI,110000000
DAVAO OCCIDENTAL,118600000,SANTA MARIA,118604000,KINILIDAN,118604023,,,XI,110000000
DAVAO OCCIDENTAL,118600000,SARANGANI,118605000,BATUGANDING,118605001,,,XI,110000000
DAVAO OCCIDENTAL,118600000,SARANGANI,118605000,KONEL,118605002,,,XI,110000000
DAVAO OCCIDENTAL,118600000,SARANGANI,118605000,LIPOL,118605003,,,XI,110000000
DAVAO OCCIDENTAL,118600000,SARANGANI,118605000,MABILA (POB.),118605004,,,XI,110000000
DAVAO OCCIDENTAL,118600000,SARANGANI,118605000,PATUCO (SARANGANI NORTE),118605005,,,XI,110000000
DAVAO OCCIDENTAL,118600000,SARANGANI,118605000,LAKER (SARANGANI SUR),118605006,,,XI,110000000
DAVAO OCCIDENTAL,118600000,SARANGANI,118605000,TININA,118605007,,,XI,110000000
DAVAO OCCIDENTAL,118600000,SARANGANI,118605000,CAMAHUAL,118605008,,,XI,110000000
DAVAO OCCIDENTAL,118600000,SARANGANI,118605000,CAMALIG,118605009,,,XI,110000000
DAVAO OCCIDENTAL,118600000,SARANGANI,118605000,GOMTAGO,118605010,,,XI,110000000
DAVAO OCCIDENTAL,118600000,SARANGANI,118605000,TAGEN,118605011,,,XI,110000000
DAVAO OCCIDENTAL,118600000,SARANGANI,118605000,TUCAL,118605012,,,XI,110000000
